frame, face_id, timestamp, confidence, success, gaze_0_x, gaze_0_y, gaze_0_z, gaze_1_x, gaze_1_y, gaze_1_z, gaze_angle_x, gaze_angle_y, eye_lmk_x_0, eye_lmk_x_1, eye_lmk_x_2, eye_lmk_x_3, eye_lmk_x_4, eye_lmk_x_5, eye_lmk_x_6, eye_lmk_x_7, eye_lmk_x_8, eye_lmk_x_9, eye_lmk_x_10, eye_lmk_x_11, eye_lmk_x_12, eye_lmk_x_13, eye_lmk_x_14, eye_lmk_x_15, eye_lmk_x_16, eye_lmk_x_17, eye_lmk_x_18, eye_lmk_x_19, eye_lmk_x_20, eye_lmk_x_21, eye_lmk_x_22, eye_lmk_x_23, eye_lmk_x_24, eye_lmk_x_25, eye_lmk_x_26, eye_lmk_x_27, eye_lmk_x_28, eye_lmk_x_29, eye_lmk_x_30, eye_lmk_x_31, eye_lmk_x_32, eye_lmk_x_33, eye_lmk_x_34, eye_lmk_x_35, eye_lmk_x_36, eye_lmk_x_37, eye_lmk_x_38, eye_lmk_x_39, eye_lmk_x_40, eye_lmk_x_41, eye_lmk_x_42, eye_lmk_x_43, eye_lmk_x_44, eye_lmk_x_45, eye_lmk_x_46, eye_lmk_x_47, eye_lmk_x_48, eye_lmk_x_49, eye_lmk_x_50, eye_lmk_x_51, eye_lmk_x_52, eye_lmk_x_53, eye_lmk_x_54, eye_lmk_x_55, eye_lmk_y_0, eye_lmk_y_1, eye_lmk_y_2, eye_lmk_y_3, eye_lmk_y_4, eye_lmk_y_5, eye_lmk_y_6, eye_lmk_y_7, eye_lmk_y_8, eye_lmk_y_9, eye_lmk_y_10, eye_lmk_y_11, eye_lmk_y_12, eye_lmk_y_13, eye_lmk_y_14, eye_lmk_y_15, eye_lmk_y_16, eye_lmk_y_17, eye_lmk_y_18, eye_lmk_y_19, eye_lmk_y_20, eye_lmk_y_21, eye_lmk_y_22, eye_lmk_y_23, eye_lmk_y_24, eye_lmk_y_25, eye_lmk_y_26, eye_lmk_y_27, eye_lmk_y_28, eye_lmk_y_29, eye_lmk_y_30, eye_lmk_y_31, eye_lmk_y_32, eye_lmk_y_33, eye_lmk_y_34, eye_lmk_y_35, eye_lmk_y_36, eye_lmk_y_37, eye_lmk_y_38, eye_lmk_y_39, eye_lmk_y_40, eye_lmk_y_41, eye_lmk_y_42, eye_lmk_y_43, eye_lmk_y_44, eye_lmk_y_45, eye_lmk_y_46, eye_lmk_y_47, eye_lmk_y_48, eye_lmk_y_49, eye_lmk_y_50, eye_lmk_y_51, eye_lmk_y_52, eye_lmk_y_53, eye_lmk_y_54, eye_lmk_y_55, eye_lmk_X_0, eye_lmk_X_1, eye_lmk_X_2, eye_lmk_X_3, eye_lmk_X_4, eye_lmk_X_5, eye_lmk_X_6, eye_lmk_X_7, eye_lmk_X_8, eye_lmk_X_9, eye_lmk_X_10, eye_lmk_X_11, eye_lmk_X_12, eye_lmk_X_13, eye_lmk_X_14, eye_lmk_X_15, eye_lmk_X_16, eye_lmk_X_17, eye_lmk_X_18, eye_lmk_X_19, eye_lmk_X_20, eye_lmk_X_21, eye_lmk_X_22, eye_lmk_X_23, eye_lmk_X_24, eye_lmk_X_25, eye_lmk_X_26, eye_lmk_X_27, eye_lmk_X_28, eye_lmk_X_29, eye_lmk_X_30, eye_lmk_X_31, eye_lmk_X_32, eye_lmk_X_33, eye_lmk_X_34, eye_lmk_X_35, eye_lmk_X_36, eye_lmk_X_37, eye_lmk_X_38, eye_lmk_X_39, eye_lmk_X_40, eye_lmk_X_41, eye_lmk_X_42, eye_lmk_X_43, eye_lmk_X_44, eye_lmk_X_45, eye_lmk_X_46, eye_lmk_X_47, eye_lmk_X_48, eye_lmk_X_49, eye_lmk_X_50, eye_lmk_X_51, eye_lmk_X_52, eye_lmk_X_53, eye_lmk_X_54, eye_lmk_X_55, eye_lmk_Y_0, eye_lmk_Y_1, eye_lmk_Y_2, eye_lmk_Y_3, eye_lmk_Y_4, eye_lmk_Y_5, eye_lmk_Y_6, eye_lmk_Y_7, eye_lmk_Y_8, eye_lmk_Y_9, eye_lmk_Y_10, eye_lmk_Y_11, eye_lmk_Y_12, eye_lmk_Y_13, eye_lmk_Y_14, eye_lmk_Y_15, eye_lmk_Y_16, eye_lmk_Y_17, eye_lmk_Y_18, eye_lmk_Y_19, eye_lmk_Y_20, eye_lmk_Y_21, eye_lmk_Y_22, eye_lmk_Y_23, eye_lmk_Y_24, eye_lmk_Y_25, eye_lmk_Y_26, eye_lmk_Y_27, eye_lmk_Y_28, eye_lmk_Y_29, eye_lmk_Y_30, eye_lmk_Y_31, eye_lmk_Y_32, eye_lmk_Y_33, eye_lmk_Y_34, eye_lmk_Y_35, eye_lmk_Y_36, eye_lmk_Y_37, eye_lmk_Y_38, eye_lmk_Y_39, eye_lmk_Y_40, eye_lmk_Y_41, eye_lmk_Y_42, eye_lmk_Y_43, eye_lmk_Y_44, eye_lmk_Y_45, eye_lmk_Y_46, eye_lmk_Y_47, eye_lmk_Y_48, eye_lmk_Y_49, eye_lmk_Y_50, eye_lmk_Y_51, eye_lmk_Y_52, eye_lmk_Y_53, eye_lmk_Y_54, eye_lmk_Y_55, eye_lmk_Z_0, eye_lmk_Z_1, eye_lmk_Z_2, eye_lmk_Z_3, eye_lmk_Z_4, eye_lmk_Z_5, eye_lmk_Z_6, eye_lmk_Z_7, eye_lmk_Z_8, eye_lmk_Z_9, eye_lmk_Z_10, eye_lmk_Z_11, eye_lmk_Z_12, eye_lmk_Z_13, eye_lmk_Z_14, eye_lmk_Z_15, eye_lmk_Z_16, eye_lmk_Z_17, eye_lmk_Z_18, eye_lmk_Z_19, eye_lmk_Z_20, eye_lmk_Z_21, eye_lmk_Z_22, eye_lmk_Z_23, eye_lmk_Z_24, eye_lmk_Z_25, eye_lmk_Z_26, eye_lmk_Z_27, eye_lmk_Z_28, eye_lmk_Z_29, eye_lmk_Z_30, eye_lmk_Z_31, eye_lmk_Z_32, eye_lmk_Z_33, eye_lmk_Z_34, eye_lmk_Z_35, eye_lmk_Z_36, eye_lmk_Z_37, eye_lmk_Z_38, eye_lmk_Z_39, eye_lmk_Z_40, eye_lmk_Z_41, eye_lmk_Z_42, eye_lmk_Z_43, eye_lmk_Z_44, eye_lmk_Z_45, eye_lmk_Z_46, eye_lmk_Z_47, eye_lmk_Z_48, eye_lmk_Z_49, eye_lmk_Z_50, eye_lmk_Z_51, eye_lmk_Z_52, eye_lmk_Z_53, eye_lmk_Z_54, eye_lmk_Z_55, pose_Tx, pose_Ty, pose_Tz, pose_Rx, pose_Ry, pose_Rz, AU01_r, AU02_r, AU04_r, AU05_r, AU06_r, AU07_r, AU09_r, AU10_r, AU12_r, AU14_r, AU15_r, AU17_r, AU20_r, AU23_r, AU25_r, AU26_r, AU45_r, AU01_c, AU02_c, AU04_c, AU05_c, AU06_c, AU07_c, AU09_c, AU10_c, AU12_c, AU14_c, AU15_c, AU17_c, AU20_c, AU23_c, AU25_c, AU26_c, AU28_c, AU45_c
1, 0, 0.000, 0.98, 1, -0.249673, 0.102644, -0.962875, -0.285683, 0.155131, -0.945685, -0.273, 0.134, 891.1, 892.6, 897.4, 902.8, 905.5, 904.4, 899.1, 893.8, 885.9, 888.8, 893.2, 898.9, 904.7, 909.1, 912.3, 909.2, 904.5, 899.2, 894.0, 889.4, 896.5, 898.8, 900.8, 901.5, 900.3, 898.0, 896.0, 895.3, 959.3, 961.0, 966.0, 971.3, 973.9, 972.2, 967.2, 961.5, 955.9, 958.4, 962.3, 967.9, 973.5, 978.4, 981.8, 978.6, 974.1, 969.1, 964.0, 959.4, 964.6, 966.9, 969.1, 969.8, 968.7, 966.4, 964.2, 963.5, 246.8, 241.7, 238.9, 240.1, 244.6, 250.1, 252.4, 251.2, 250.9, 246.9, 243.7, 241.8, 242.5, 244.8, 248.2, 249.7, 250.2, 250.9, 251.5, 251.7, 248.5, 249.0, 247.8, 245.6, 243.7, 243.2, 244.4, 246.6, 240.4, 235.0, 232.3, 234.0, 239.0, 244.4, 247.1, 245.9, 244.5, 240.1, 236.8, 235.3, 236.1, 238.2, 241.5, 243.5, 244.6, 245.3, 245.5, 245.5, 242.4, 243.1, 242.0, 239.6, 237.4, 236.7, 237.8, 240.2, 204.7, 206.4, 210.5, 214.6, 216.2, 214.9, 210.4, 206.4, 201.3, 203.2, 206.3, 210.7, 215.6, 219.5, 222.4, 219.2, 214.8, 210.4, 206.4, 203.3, 209.0, 210.8, 212.5, 213.3, 212.6, 210.8, 209.1, 208.3, 258.0, 259.6, 263.7, 267.8, 269.5, 267.8, 263.8, 259.5, 255.6, 257.1, 259.9, 264.1, 269.1, 273.7, 277.3, 273.7, 269.3, 264.8, 260.9, 257.8, 262.3, 264.1, 265.9, 266.6, 265.9, 264.1, 262.3, 261.6, -92.3, -96.7, -99.0, -97.9, -94.0, -89.3, -87.4, -88.5, -89.3, -92.4, -94.7, -96.2, -95.7, -93.9, -91.3, -89.8, -89.2, -88.5, -88.2, -88.3, -90.9, -90.4, -91.4, -93.3, -94.9, -95.4, -94.4, -92.6, -96.7, -101.1, -103.3, -101.9, -97.7, -93.2, -91.0, -92.1, -93.4, -96.9, -99.3, -100.5, -100.0, -98.5, -96.1, -94.2, -93.0, -92.3, -92.2, -92.4, -95.0, -94.4, -95.4, -97.3, -99.1, -99.8, -98.8, -96.9, 713.5, 715.1, 715.5, 714.6, 712.8, 711.3, 710.7, 711.6, 716.2, 714.5, 712.9, 712.2, 712.8, 713.7, 714.6, 712.5, 710.6, 710.1, 711.1, 713.3, 713.2, 712.8, 713.0, 713.7, 714.5, 714.9, 714.7, 714.0, 707.0, 707.7, 707.8, 707.2, 706.3, 705.5, 705.4, 706.3, 707.9, 706.7, 705.5, 704.9, 705.8, 707.9, 709.9, 707.5, 705.3, 704.2, 704.7, 706.3, 707.2, 706.9, 706.9, 707.3, 707.7, 708.0, 707.9, 707.6, 285.7, -71.4, 840.2, 0.033, 0.143, -0.093, 0.02, 0.10, 0.00, 0.00, 0.00, 0.00, 0.28, 0.00, 0.12, 0.00, 0.17, 0.13, 0.00, 0.00, 0.54, 0.00, 0.00, 0.00, 0.00, 0.00, 1.00, 0.00, 0.00, 0.00, 0.00, 0.00, 0.00, 0.00, 0.00, 0.00, 0.00, 0.00, 0.00, 0.00, 0.00
2, 0, 0.033, 0.98, 1, -0.254667, 0.096471, -0.962205, -0.280700, 0.147979, -0.948319, -0.273, 0.127, 891.0, 892.5, 897.4, 902.7, 905.5, 904.4, 899.1, 893.7, 885.8, 888.6, 893.1, 898.7, 904.6, 909.1, 912.3, 909.2, 904.4, 899.2, 894.0, 889.3, 896.4, 898.7, 900.8, 901.5, 900.3, 898.0, 895.9, 895.2, 959.2, 960.9, 965.9, 971.4, 974.0, 972.3, 967.2, 961.5, 955.7, 958.2, 962.2, 967.8, 973.5, 978.3, 981.7, 978.5, 974.1, 969.0, 963.9, 959.2, 964.6, 966.9, 969.1, 969.9, 968.7, 966.4, 964.2, 963.4, 246.8, 241.7, 238.9, 240.1, 244.6, 250.1, 252.4, 251.2, 251.0, 246.9, 243.7, 241.8, 242.4, 244.8, 248.3, 249.8, 250.3, 251.0, 251.6, 251.8, 248.5, 249.0, 247.8, 245.6, 243.7, 243.2, 244.4, 246.6, 240.2, 234.7, 232.1, 233.8, 238.8, 244.3, 247.0, 245.8, 244.4, 239.9, 236.7, 235.2, 236.0, 238.1, 241.4, 243.5, 244.7, 245.4, 245.6, 245.5, 242.3, 243.0, 241.9, 239.5, 237.3, 236.5, 237.7, 240.1, 203.0, 204.7, 208.8, 212.8, 214.5, 213.1, 208.7, 204.6, 199.5, 201.4, 204.5, 208.9, 213.7, 217.7, 220.6, 217.4, 213.0, 208.6, 204.7, 201.5, 207.3, 209.0, 210.8, 211.5, 210.8, 209.1, 207.3, 206.6, 255.5, 257.1, 261.2, 265.3, 267.1, 265.4, 261.4, 257.1, 253.0, 254.6, 257.4, 261.6, 266.5, 271.2, 274.7, 271.2, 266.8, 262.3, 258.4, 255.2, 259.9, 261.7, 263.4, 264.2, 263.4, 261.6, 259.8, 259.1, -91.6, -95.9, -98.2, -97.1, -93.3, -88.6, -86.6, -87.7, -88.5, -91.6, -94.0, -95.5, -95.0, -93.2, -90.5, -89.0, -88.4, -87.7, -87.4, -87.5, -90.1, -89.7, -90.7, -92.5, -94.2, -94.7, -93.7, -91.8, -95.9, -100.4, -102.5, -101.1, -96.9, -92.4, -90.2, -91.3, -92.6, -96.0, -98.5, -99.6, -99.1, -97.7, -95.3, -93.3, -92.1, -91.4, -91.3, -91.6, -94.3, -93.6, -94.6, -96.5, -98.4, -99.0, -98.0, -96.1, 707.6, 709.3, 709.8, 708.8, 707.0, 705.4, 704.8, 705.8, 710.4, 708.7, 707.1, 706.4, 706.9, 707.9, 708.7, 706.6, 704.8, 704.2, 705.2, 707.5, 707.4, 707.0, 707.2, 707.9, 708.7, 709.1, 708.9, 708.2, 700.3, 701.1, 701.2, 700.7, 699.8, 699.0, 698.9, 699.6, 701.2, 700.0, 698.8, 698.3, 699.2, 701.4, 703.4, 701.0, 698.7, 697.7, 698.1, 699.6, 700.6, 700.3, 700.4, 700.7, 701.1, 701.3, 701.3, 701.0, 286.0, -71.5, 841.0, 0.033, 0.152, -0.100, 0.01, 0.03, 0.00, 0.00, 0.00, 0.00, 0.39, 0.01, 0.18, 0.00, 0.24, 0.08, 0.00, 0.00, 0.38, 0.00, 0.00, 0.00, 0.00, 0.00, 1.00, 0.00, 0.00, 0.00, 0.00, 0.00, 0.00, 0.00, 0.00, 0.00, 0.00, 0.00, 0.00, 0.00, 0.00
3, 0, 0.067, 0.98, 1, -0.236184, 0.084987, -0.967985, -0.257278, 0.174779, -0.950400, -0.252, 0.135, 892.6, 893.7, 898.1, 903.1, 905.8, 905.0, 900.3, 895.3, 887.4, 889.9, 894.0, 899.3, 904.7, 908.7, 911.6, 908.9, 904.7, 900.0, 895.2, 890.8, 897.5, 899.7, 901.6, 902.1, 901.0, 898.8, 896.8, 896.3, 960.2, 961.7, 966.5, 971.7, 974.3, 972.8, 968.0, 962.5, 956.7, 959.0, 962.6, 967.9, 973.4, 978.1, 981.5, 978.4, 974.1, 969.2, 964.4, 960.0, 965.4, 967.7, 969.8, 970.5, 969.3, 967.0, 964.9, 964.2, 250.6, 245.6, 242.9, 244.1, 248.5, 253.9, 256.3, 255.1, 254.7, 251.2, 248.5, 246.6, 246.9, 248.8, 251.9, 253.8, 255.0, 256.0, 256.4, 256.1, 252.2, 252.7, 251.5, 249.3, 247.4, 246.8, 248.0, 250.2, 244.2, 238.9, 236.2, 237.7, 242.5, 247.8, 250.5, 249.4, 248.7, 244.6, 241.5, 239.9, 240.4, 242.0, 244.8, 246.9, 248.2, 249.1, 249.5, 249.5, 246.1, 246.7, 245.5, 243.2, 241.0, 240.4, 241.6, 243.9, 219.8, 221.0, 224.9, 229.2, 231.3, 230.5, 226.2, 221.9, 216.2, 217.7, 220.8, 225.1, 230.1, 234.1, 237.1, 234.2, 230.0, 225.7, 221.8, 218.5, 224.2, 226.1, 227.8, 228.4, 227.4, 225.5, 223.8, 223.3, 269.1, 270.7, 274.7, 278.8, 280.7, 279.2, 275.2, 270.9, 266.7, 268.0, 270.6, 274.7, 279.6, 284.4, 288.1, 284.6, 280.2, 275.7, 271.9, 268.9, 273.5, 275.4, 277.2, 277.9, 277.0, 275.2, 273.4, 272.7, -95.2, -99.6, -102.0, -100.9, -97.0, -92.3, -90.1, -91.2, -92.0, -94.8, -96.9, -98.5, -98.4, -96.9, -94.4, -92.5, -91.3, -90.3, -90.0, -90.5, -93.9, -93.4, -94.5, -96.4, -98.2, -98.6, -97.6, -95.6, -97.4, -101.9, -104.1, -102.8, -98.6, -94.1, -91.9, -92.9, -93.7, -97.0, -99.4, -100.6, -100.3, -99.2, -97.2, -95.1, -93.7, -92.9, -92.7, -92.8, -95.8, -95.2, -96.2, -98.2, -100.1, -100.7, -99.7, -97.7, 761.4, 762.2, 762.5, 762.2, 761.4, 760.9, 760.4, 760.7, 764.7, 762.5, 760.5, 759.8, 760.7, 762.3, 763.9, 762.1, 760.3, 759.6, 760.4, 762.4, 761.9, 761.8, 761.9, 762.2, 762.6, 762.7, 762.6, 762.2, 735.4, 736.1, 736.1, 735.6, 734.7, 734.1, 734.0, 734.8, 736.8, 735.3, 734.0, 733.2, 734.0, 736.0, 738.1, 735.8, 733.7, 732.8, 733.4, 735.1, 735.7, 735.4, 735.4, 735.7, 736.1, 736.4, 736.3, 736.0, 289.2, -67.9, 846.7, 0.070, 0.146, -0.118, 0.00, 0.00, 0.00, 0.00, 0.00, 0.00, 0.39, 0.04, 0.21, 0.00, 0.27, 0.08, 0.00, 0.00, 0.19, 0.00, 0.00, 0.00, 0.00, 0.00, 0.00, 0.00, 0.00, 0.00, 1.00, 0.00, 0.00, 0.00, 0.00, 0.00, 0.00, 0.00, 0.00, 0.00, 0.00
4, 0, 0.100, 0.98, 1, -0.234905, 0.080620, -0.968669, -0.271294, 0.190100, -0.943537, -0.259, 0.141, 892.3, 893.4, 897.7, 902.6, 905.3, 904.6, 899.9, 895.0, 887.0, 889.4, 893.3, 898.5, 903.9, 907.9, 910.8, 908.1, 904.0, 899.4, 894.7, 890.4, 897.2, 899.3, 901.2, 901.7, 900.5, 898.3, 896.5, 896.0, 959.5, 961.1, 965.9, 971.2, 973.8, 972.2, 967.4, 961.8, 955.8, 958.2, 962.0, 967.3, 972.9, 977.7, 981.3, 978.0, 973.5, 968.5, 963.6, 959.2, 964.7, 967.1, 969.2, 969.9, 968.7, 966.4, 964.3, 963.6, 253.5, 248.5, 245.8, 246.9, 251.3, 256.6, 259.0, 257.8, 257.7, 254.3, 251.6, 249.7, 249.8, 251.5, 254.4, 256.5, 257.8, 259.0, 259.4, 259.2, 254.9, 255.4, 254.2, 252.0, 250.1, 249.6, 250.8, 253.0, 247.2, 241.9, 239.2, 240.7, 245.6, 250.9, 253.6, 252.6, 251.5, 247.5, 244.5, 242.9, 243.4, 245.1, 247.8, 249.9, 251.2, 252.1, 252.4, 252.4, 249.1, 249.8, 248.6, 246.2, 244.1, 243.4, 244.6, 247.0, 221.8, 223.0, 226.8, 231.1, 233.3, 232.5, 228.3, 224.0, 218.2, 219.6, 222.4, 226.7, 231.7, 235.8, 238.8, 235.9, 231.8, 227.6, 223.7, 220.5, 226.3, 228.1, 229.8, 230.3, 229.3, 227.5, 225.8, 225.3, 264.4, 265.9, 269.9, 274.1, 275.9, 274.3, 270.4, 266.1, 261.9, 263.3, 265.9, 270.0, 274.9, 279.7, 283.4, 279.8, 275.3, 270.8, 267.0, 264.0, 268.8, 270.6, 272.4, 273.1, 272.3, 270.4, 268.7, 268.0, -93.7, -98.1, -100.6, -99.5, -95.6, -90.9, -88.7, -89.8, -90.4, -93.1, -95.2, -96.8, -96.8, -95.5, -93.1, -91.1, -89.7, -88.6, -88.3, -88.8, -92.5, -92.0, -93.1, -95.0, -96.7, -97.2, -96.1, -94.2, -93.3, -97.8, -100.1, -98.7, -94.6, -90.1, -87.8, -88.8, -89.9, -93.1, -95.4, -96.6, -96.3, -95.1, -93.1, -91.1, -89.8, -89.0, -88.8, -89.0, -91.8, -91.2, -92.2, -94.2, -96.0, -96.6, -95.6, -93.6, 769.3, 769.9, 770.1, 769.9, 769.3, 769.0, 768.5, 768.7, 772.9, 770.5, 768.3, 767.4, 768.3, 769.9, 771.6, 769.9, 768.2, 767.7, 768.6, 770.6, 769.9, 769.8, 769.8, 770.1, 770.3, 770.5, 770.4, 770.1, 724.1, 724.8, 724.8, 724.1, 723.2, 722.6, 722.5, 723.4, 725.5, 724.0, 722.6, 721.8, 722.6, 724.5, 726.6, 724.2, 722.2, 721.3, 722.0, 723.7, 724.2, 724.0, 724.0, 724.3, 724.7, 725.0, 724.9, 724.7, 289.7, -65.3, 849.5, 0.086, 0.169, -0.125, 0.03, 0.14, 0.00, 0.00, 0.00, 0.00, 0.24, 0.04, 0.19, 0.00, 0.21, 0.21, 0.00, 0.00, 0.00, 0.00, 0.01, 0.00, 0.00, 0.00, 1.00, 0.00, 0.00, 0.00, 0.00, 0.00, 0.00, 0.00, 0.00, 0.00, 0.00, 0.00, 0.00, 0.00, 0.00
5, 0, 0.133, 0.98, 1, -0.267408, 0.102187, -0.958150, -0.269343, 0.186260, -0.944861, -0.275, 0.150, 889.9, 891.1, 895.5, 900.4, 903.1, 902.3, 897.5, 892.6, 884.9, 887.2, 891.2, 896.4, 901.9, 906.1, 909.1, 906.2, 901.9, 897.2, 892.5, 888.2, 894.9, 897.0, 898.9, 899.4, 898.3, 896.1, 894.2, 893.7, 957.8, 959.3, 964.2, 969.6, 972.3, 970.8, 965.9, 960.2, 954.0, 956.2, 959.8, 965.1, 970.8, 976.0, 980.0, 976.5, 971.8, 966.7, 961.7, 957.3, 963.2, 965.6, 967.7, 968.4, 967.2, 964.8, 962.7, 962.0, 256.0, 251.0, 248.3, 249.5, 253.9, 259.3, 261.7, 260.4, 260.1, 256.5, 253.7, 251.8, 252.1, 254.1, 257.3, 259.3, 260.4, 261.4, 261.8, 261.5, 257.5, 258.0, 256.8, 254.6, 252.7, 252.2, 253.4, 255.6, 249.4, 243.8, 240.9, 242.5, 247.6, 253.2, 256.0, 254.9, 253.8, 249.6, 246.5, 244.8, 245.1, 246.5, 249.1, 251.8, 253.6, 254.8, 255.1, 255.0, 251.2, 251.9, 250.7, 248.2, 246.0, 245.3, 246.5, 249.0, 217.3, 218.5, 222.2, 226.4, 228.5, 227.7, 223.5, 219.4, 214.0, 215.2, 218.0, 222.3, 227.3, 231.3, 234.4, 231.4, 227.2, 223.0, 219.2, 216.1, 221.6, 223.5, 225.1, 225.6, 224.7, 222.9, 221.3, 220.7, 256.0, 257.3, 261.2, 265.2, 267.1, 265.8, 262.0, 257.8, 253.7, 254.7, 257.0, 260.8, 265.6, 270.5, 274.4, 270.8, 266.4, 262.1, 258.5, 255.7, 260.4, 262.2, 263.9, 264.5, 263.6, 261.8, 260.1, 259.6, -90.4, -94.8, -97.2, -96.1, -92.2, -87.5, -85.4, -86.5, -87.3, -90.2, -92.3, -93.8, -93.6, -92.0, -89.4, -87.6, -86.4, -85.5, -85.2, -85.8, -89.1, -88.7, -89.7, -91.6, -93.3, -93.8, -92.8, -90.9, -89.1, -93.7, -95.9, -94.5, -90.4, -85.9, -83.6, -84.7, -85.8, -88.9, -91.2, -92.4, -92.3, -91.4, -89.5, -87.1, -85.4, -84.4, -84.3, -84.6, -87.7, -87.1, -88.0, -90.0, -91.9, -92.5, -91.5, -89.5, 760.7, 761.2, 761.2, 760.6, 759.9, 759.7, 759.5, 760.0, 764.4, 761.9, 759.6, 758.5, 759.2, 760.6, 762.2, 760.6, 759.1, 758.7, 759.8, 761.9, 761.0, 760.7, 760.7, 761.0, 761.3, 761.5, 761.5, 761.3, 704.9, 705.2, 704.8, 704.1, 703.4, 703.1, 703.5, 704.5, 706.9, 705.0, 703.2, 702.0, 702.4, 704.2, 706.3, 704.2, 702.5, 702.1, 703.0, 705.0, 705.0, 704.7, 704.5, 704.6, 704.9, 705.3, 705.4, 705.3, 286.9, -62.7, 847.4, 0.100, 0.201, -0.131, 0.03, 0.18, 0.00, 0.00, 0.00, 0.00, 0.09, 0.03, 0.13, 0.03, 0.13, 0.24, 0.00, 0.03, 0.00, 0.00, 0.11, 0.00, 0.00, 0.00, 1.00, 0.00, 0.00, 0.00, 0.00, 0.00, 0.00, 0.00, 0.00, 0.00, 0.00, 0.00, 0.00, 0.00, 0.00
6, 0, 0.167, 0.98, 1, -0.289939, 0.125464, -0.948786, -0.324410, 0.203910, -0.923677, -0.317, 0.174, 886.3, 887.6, 892.1, 897.2, 899.9, 898.9, 894.0, 888.9, 880.7, 883.3, 887.6, 893.1, 898.7, 903.0, 905.9, 903.1, 898.6, 893.7, 888.7, 884.1, 891.3, 893.5, 895.4, 896.0, 894.9, 892.7, 890.8, 890.2, 954.6, 956.2, 961.2, 966.8, 969.5, 967.9, 962.9, 957.1, 951.0, 953.3, 957.2, 962.5, 968.3, 973.6, 977.8, 974.2, 969.2, 963.9, 958.9, 954.4, 960.2, 962.6, 964.8, 965.5, 964.3, 961.9, 959.7, 959.0, 258.3, 253.2, 250.5, 251.8, 256.3, 261.8, 264.1, 262.8, 262.5, 258.7, 255.7, 253.8, 254.3, 256.6, 260.0, 261.9, 262.9, 263.8, 264.2, 264.0, 259.9, 260.5, 259.3, 257.1, 255.2, 254.6, 255.8, 258.0, 251.9, 246.1, 243.2, 244.8, 250.0, 255.7, 258.7, 257.5, 256.3, 252.2, 249.0, 247.3, 247.6, 249.0, 251.4, 254.3, 256.2, 257.3, 257.7, 257.6, 253.8, 254.5, 253.2, 250.7, 248.4, 247.7, 249.0, 251.5, 207.0, 208.3, 212.2, 216.4, 218.3, 217.4, 213.1, 208.9, 203.2, 204.8, 207.8, 212.2, 217.2, 221.2, 224.2, 221.2, 216.9, 212.6, 208.7, 205.4, 211.3, 213.1, 214.8, 215.3, 214.5, 212.7, 211.1, 210.5, 246.5, 247.9, 251.7, 255.7, 257.5, 256.1, 252.3, 248.3, 244.4, 245.5, 247.9, 251.6, 256.2, 261.0, 265.0, 261.4, 256.9, 252.6, 249.1, 246.3, 250.9, 252.6, 254.3, 254.9, 254.1, 252.3, 250.7, 250.1, -85.5, -89.9, -92.2, -91.0, -87.1, -82.4, -80.4, -81.6, -82.3, -85.3, -87.5, -89.0, -88.7, -87.0, -84.3, -82.5, -81.5, -80.7, -80.4, -80.8, -84.2, -83.7, -84.7, -86.5, -88.2, -88.7, -87.7, -85.8, -84.7, -89.3, -91.5, -90.2, -86.0, -81.4, -79.2, -80.2, -81.5, -84.5, -86.7, -87.9, -87.8, -86.9, -85.2, -82.7, -81.0, -80.1, -79.9, -80.2, -83.2, -82.6, -83.6, -85.6, -87.4, -88.0, -87.0, -85.1, 735.4, 736.2, 736.5, 736.1, 735.2, 734.5, 734.0, 734.5, 738.9, 736.7, 734.6, 733.8, 734.6, 736.1, 737.6, 735.7, 733.9, 733.4, 734.2, 736.3, 735.7, 735.5, 735.7, 736.0, 736.4, 736.6, 736.5, 736.1, 685.7, 686.0, 685.6, 684.6, 683.7, 683.4, 683.8, 685.1, 687.5, 685.6, 683.8, 682.6, 682.9, 684.6, 686.5, 684.4, 682.8, 682.4, 683.4, 685.5, 685.6, 685.1, 684.9, 685.1, 685.5, 685.9, 686.1, 686.0, 282.5, -60.1, 842.5, 0.137, 0.250, -0.144, 0.03, 0.18, 0.00, 0.00, 0.00, 0.00, 0.00, 0.00, 0.10, 0.05, 0.04, 0.25, 0.00, 0.06, 0.00, 0.00, 0.15, 0.00, 0.00, 0.00, 1.00, 0.00, 0.00, 0.00, 0.00, 0.00, 1.00, 0.00, 0.00, 0.00, 0.00, 0.00, 0.00, 0.00, 0.00
7, 0, 0.200, 0.98, 1, -0.310346, 0.124942, -0.942377, -0.320697, 0.192162, -0.927484, -0.325, 0.168, 883.6, 885.0, 889.6, 894.8, 897.5, 896.5, 891.5, 886.3, 878.0, 880.5, 884.8, 890.3, 896.2, 900.6, 903.8, 900.7, 896.0, 890.9, 885.9, 881.4, 888.8, 891.0, 893.0, 893.6, 892.5, 890.2, 888.3, 887.7, 952.4, 954.1, 959.2, 964.7, 967.4, 965.7, 960.6, 954.7, 948.0, 950.5, 954.5, 960.0, 965.9, 970.9, 974.7, 971.3, 966.7, 961.5, 956.3, 951.5, 957.8, 960.3, 962.5, 963.2, 962.1, 959.7, 957.4, 956.7, 259.5, 254.3, 251.5, 252.8, 257.5, 263.1, 265.5, 264.2, 263.7, 259.8, 256.9, 255.0, 255.5, 257.8, 261.2, 263.2, 264.2, 265.1, 265.5, 265.2, 261.1, 261.7, 260.5, 258.3, 256.3, 255.7, 256.9, 259.1, 253.2, 247.5, 244.8, 246.6, 251.8, 257.4, 260.2, 258.9, 257.5, 253.4, 250.3, 248.8, 249.3, 250.9, 253.8, 256.6, 258.4, 259.4, 259.5, 259.1, 255.2, 256.0, 254.8, 252.3, 250.0, 249.3, 250.5, 252.9, 199.7, 201.1, 204.9, 209.0, 210.9, 210.0, 205.8, 201.7, 196.3, 197.6, 200.5, 204.7, 209.7, 213.7, 216.7, 213.6, 209.4, 205.1, 201.3, 198.3, 204.1, 205.8, 207.5, 208.0, 207.2, 205.5, 203.8, 203.3, 245.2, 246.7, 250.7, 254.9, 256.8, 255.3, 251.3, 247.0, 242.4, 243.8, 246.4, 250.4, 255.3, 260.0, 263.8, 260.3, 255.9, 251.5, 247.7, 244.6, 249.7, 251.5, 253.3, 253.9, 253.1, 251.2, 249.5, 248.8, -82.4, -86.8, -89.1, -87.9, -84.0, -79.3, -77.3, -78.5, -79.4, -82.3, -84.5, -85.9, -85.5, -83.8, -81.1, -79.4, -78.3, -77.6, -77.4, -77.8, -81.1, -80.6, -81.6, -83.5, -85.1, -85.6, -84.7, -82.8, -83.8, -88.3, -90.5, -89.1, -84.9, -80.4, -78.2, -79.3, -80.7, -83.7, -85.9, -87.0, -86.7, -85.7, -83.7, -81.3, -79.6, -78.7, -78.7, -79.2, -82.3, -81.7, -82.6, -84.6, -86.4, -87.0, -86.1, -84.1, 717.5, 718.3, 718.3, 717.7, 716.8, 716.2, 716.0, 716.6, 721.4, 719.0, 716.7, 715.6, 716.1, 717.4, 718.8, 717.2, 715.6, 715.3, 716.5, 718.8, 717.7, 717.4, 717.5, 717.8, 718.2, 718.4, 718.4, 718.1, 686.9, 687.3, 687.3, 686.9, 686.4, 686.0, 685.9, 686.6, 688.7, 687.0, 685.4, 684.6, 685.4, 687.4, 689.6, 687.4, 685.5, 684.6, 685.3, 687.0, 687.3, 687.1, 687.2, 687.3, 687.6, 687.8, 687.7, 687.6, 279.0, -58.0, 840.4, 0.153, 0.306, -0.152, 0.00, 0.04, 0.00, 0.00, 0.00, 0.00, 0.00, 0.00, 0.11, 0.10, 0.04, 0.23, 0.01, 0.14, 0.00, 0.00, 0.15, 0.00, 0.00, 0.00, 1.00, 0.00, 0.00, 0.00, 0.00, 0.00, 1.00, 0.00, 0.00, 0.00, 0.00, 0.00, 0.00, 0.00, 0.00
8, 0, 0.234, 0.98, 1, -0.317035, 0.117765, -0.941074, -0.328283, 0.175236, -0.928182, -0.332, 0.155, 880.6, 882.0, 886.8, 892.1, 894.8, 893.8, 888.6, 883.3, 874.3, 877.1, 881.6, 887.5, 893.5, 898.0, 901.2, 898.0, 893.3, 888.0, 882.8, 877.9, 885.9, 888.2, 890.2, 890.8, 889.6, 887.3, 885.3, 884.7, 949.6, 951.1, 956.1, 961.8, 964.8, 963.3, 958.3, 952.2, 944.7, 947.5, 951.8, 957.6, 963.3, 967.7, 970.8, 968.2, 964.2, 959.3, 954.0, 948.7, 955.0, 957.5, 959.7, 960.4, 959.0, 956.5, 954.3, 953.6, 260.7, 255.3, 252.6, 254.0, 258.8, 264.5, 266.9, 265.5, 265.0, 261.0, 257.9, 256.0, 256.6, 259.0, 262.6, 264.7, 265.7, 266.7, 267.1, 266.7, 262.4, 263.0, 261.8, 259.5, 257.5, 256.9, 258.1, 260.4, 254.8, 249.1, 246.3, 248.1, 253.3, 259.0, 261.8, 260.5, 259.6, 255.0, 251.6, 249.9, 250.6, 252.7, 256.1, 258.7, 260.3, 261.2, 261.3, 261.1, 257.0, 257.8, 256.5, 254.0, 251.7, 250.9, 252.1, 254.6, 190.6, 192.0, 195.8, 199.9, 201.8, 200.9, 196.7, 192.6, 186.7, 188.3, 191.3, 195.7, 200.6, 204.6, 207.6, 204.6, 200.3, 196.0, 192.1, 188.9, 194.9, 196.7, 198.3, 198.9, 198.1, 196.3, 194.7, 194.1, 236.2, 237.8, 242.1, 246.6, 248.7, 247.1, 242.8, 238.1, 232.7, 234.5, 237.7, 242.2, 247.1, 251.6, 254.9, 251.8, 247.7, 243.3, 239.1, 235.4, 240.8, 242.8, 244.7, 245.4, 244.4, 242.4, 240.5, 239.8, -78.7, -83.0, -85.3, -84.1, -80.2, -75.6, -73.6, -74.8, -75.7, -78.7, -80.8, -82.2, -81.8, -80.1, -77.4, -75.6, -74.5, -73.8, -73.6, -74.1, -77.4, -76.9, -77.8, -79.7, -81.4, -81.9, -80.9, -79.0, -80.3, -84.8, -87.1, -85.8, -81.7, -77.2, -74.9, -75.9, -76.7, -80.1, -82.6, -83.9, -83.6, -82.4, -80.1, -77.7, -76.2, -75.3, -75.1, -75.4, -78.8, -78.2, -79.2, -81.2, -83.0, -83.6, -82.6, -80.6, 693.4, 694.1, 694.3, 693.9, 693.1, 692.6, 692.2, 692.6, 697.4, 694.9, 692.7, 691.7, 692.4, 694.0, 695.5, 693.7, 692.0, 691.5, 692.5, 694.6, 693.7, 693.6, 693.7, 694.0, 694.3, 694.5, 694.4, 694.1, 667.6, 668.8, 670.1, 670.6, 670.1, 668.9, 667.7, 667.3, 668.3, 667.4, 666.9, 667.2, 668.9, 671.6, 674.1, 671.3, 668.5, 666.6, 666.3, 667.2, 668.9, 669.1, 669.7, 670.2, 670.4, 670.2, 669.6, 669.1, 274.8, -56.2, 837.1, 0.161, 0.341, -0.154, 0.00, 0.00, 0.00, 0.00, 0.00, 0.00, 0.00, 0.00, 0.15, 0.16, 0.05, 0.28, 0.01, 0.22, 0.01, 0.02, 0.08, 0.00, 0.00, 0.00, 1.00, 0.00, 0.00, 0.00, 0.00, 0.00, 1.00, 0.00, 0.00, 0.00, 0.00, 0.00, 0.00, 0.00, 0.00
9, 0, 0.267, 0.98, 1, -0.312856, 0.131026, -0.940720, -0.356917, 0.179749, -0.916679, -0.346, 0.166, 878.1, 879.5, 884.2, 889.4, 892.1, 891.1, 886.0, 880.8, 871.5, 874.2, 878.7, 884.4, 890.2, 894.6, 897.8, 894.8, 890.2, 885.1, 879.9, 875.2, 883.3, 885.5, 887.6, 888.2, 887.0, 884.7, 882.7, 882.1, 947.1, 948.7, 953.9, 959.7, 962.7, 961.1, 955.8, 949.6, 942.1, 945.0, 949.4, 955.3, 961.1, 965.8, 969.1, 966.2, 961.9, 956.8, 951.3, 946.1, 952.6, 955.2, 957.5, 958.2, 956.9, 954.3, 952.0, 951.3, 261.2, 255.9, 253.2, 254.7, 259.4, 265.0, 267.4, 265.9, 265.5, 261.4, 258.2, 256.3, 256.9, 259.4, 263.0, 265.1, 266.1, 267.1, 267.5, 267.1, 263.0, 263.6, 262.4, 260.1, 258.1, 257.5, 258.6, 260.9, 255.8, 250.0, 247.2, 249.1, 254.5, 260.2, 263.0, 261.7, 260.5, 255.8, 252.5, 250.9, 251.7, 253.8, 257.2, 259.8, 261.3, 262.2, 262.3, 262.0, 258.1, 258.9, 257.6, 255.1, 252.7, 251.9, 253.2, 255.7, 191.8, 193.1, 197.0, 201.2, 203.2, 202.2, 197.9, 193.8, 187.5, 189.1, 192.1, 196.5, 201.4, 205.4, 208.4, 205.4, 201.2, 196.9, 193.0, 189.7, 196.1, 197.9, 199.6, 200.2, 199.3, 197.5, 195.8, 195.2, 231.0, 232.6, 236.9, 241.4, 243.4, 241.7, 237.4, 232.7, 227.5, 229.3, 232.4, 236.9, 241.8, 246.2, 249.6, 246.4, 242.1, 237.7, 233.6, 230.0, 235.5, 237.4, 239.3, 240.1, 239.2, 237.2, 235.3, 234.6, -79.6, -83.9, -86.2, -85.0, -81.1, -76.5, -74.5, -75.7, -76.5, -79.6, -81.9, -83.4, -83.0, -81.2, -78.4, -76.5, -75.5, -74.7, -74.4, -74.9, -78.2, -77.7, -78.7, -80.6, -82.2, -82.7, -81.8, -79.9, -78.4, -82.9, -85.1, -83.7, -79.6, -75.1, -72.9, -73.9, -75.0, -78.3, -80.8, -82.0, -81.6, -80.3, -78.0, -75.7, -74.2, -73.4, -73.3, -73.7, -76.8, -76.2, -77.2, -79.1, -81.0, -81.6, -80.6, -78.6, 704.8, 705.6, 706.1, 705.8, 705.0, 704.4, 703.8, 704.0, 708.7, 706.5, 704.4, 703.4, 704.2, 705.6, 707.2, 705.3, 703.5, 703.0, 703.9, 706.0, 705.3, 705.2, 705.4, 705.7, 706.1, 706.2, 706.0, 705.6, 658.1, 659.3, 660.3, 660.5, 659.9, 658.7, 657.7, 657.6, 658.9, 658.0, 657.3, 657.3, 658.8, 661.2, 663.6, 660.8, 658.1, 656.5, 656.5, 657.6, 659.1, 659.2, 659.6, 660.2, 660.5, 660.4, 659.9, 659.4, 270.6, -54.8, 832.4, 0.165, 0.386, -0.152, 0.00, 0.00, 0.00, 0.00, 0.00, 0.00, 0.06, 0.00, 0.17, 0.24, 0.08, 0.39, 0.01, 0.19, 0.16, 0.16, 0.07, 0.00, 0.00, 0.00, 1.00, 0.00, 0.00, 0.00, 0.00, 0.00, 1.00, 0.00, 0.00, 0.00, 0.00, 0.00, 0.00, 0.00, 0.00
10, 0, 0.300, 0.98, 1, -0.310474, 0.137963, -0.940517, -0.366384, 0.168061, -0.915160, -0.350, 0.163, 876.8, 878.3, 883.2, 888.6, 891.4, 890.3, 884.9, 879.5, 870.2, 872.9, 877.3, 883.1, 889.1, 893.7, 897.1, 893.9, 889.0, 883.7, 878.4, 873.7, 882.2, 884.5, 886.6, 887.3, 886.1, 883.8, 881.6, 881.0, 945.9, 947.4, 952.7, 958.4, 961.4, 959.8, 954.6, 948.4, 940.6, 943.5, 948.0, 954.0, 959.8, 964.5, 967.7, 964.9, 960.6, 955.5, 950.0, 944.7, 951.3, 953.9, 956.2, 956.9, 955.6, 953.0, 950.7, 950.0, 261.5, 256.1, 253.4, 254.8, 259.6, 265.4, 267.7, 266.3, 266.1, 261.7, 258.3, 256.2, 256.9, 259.4, 263.3, 265.2, 266.2, 267.1, 267.6, 267.5, 263.3, 264.0, 262.8, 260.5, 258.4, 257.8, 259.0, 261.3, 256.2, 250.5, 247.7, 249.6, 255.0, 260.7, 263.4, 262.1, 261.0, 256.5, 253.3, 251.7, 252.5, 254.6, 258.0, 260.6, 262.0, 262.8, 262.9, 262.6, 258.5, 259.3, 258.1, 255.6, 253.2, 252.4, 253.6, 256.2, 185.4, 186.9, 190.9, 194.9, 196.7, 195.6, 191.3, 187.2, 181.3, 182.9, 185.8, 190.0, 194.8, 198.7, 201.7, 198.6, 194.4, 190.1, 186.3, 183.3, 189.7, 191.4, 193.1, 193.8, 193.0, 191.3, 189.5, 188.9, 229.0, 230.7, 235.0, 239.4, 241.4, 239.8, 235.5, 230.8, 225.4, 227.3, 230.4, 234.9, 239.9, 244.3, 247.6, 244.4, 240.2, 235.8, 231.6, 228.0, 233.5, 235.5, 237.4, 238.1, 237.2, 235.3, 233.4, 232.7, -77.1, -81.5, -83.7, -82.5, -78.6, -74.0, -72.1, -73.2, -73.9, -77.2, -79.6, -81.1, -80.6, -78.8, -75.9, -74.1, -73.2, -72.5, -72.2, -72.5, -75.7, -75.2, -76.1, -78.0, -79.7, -80.2, -79.3, -77.4, -77.7, -82.2, -84.4, -83.0, -78.9, -74.5, -72.3, -73.3, -74.2, -77.5, -79.9, -81.0, -80.6, -79.3, -77.1, -74.8, -73.4, -72.6, -72.6, -72.9, -76.1, -75.5, -76.5, -78.5, -80.3, -80.9, -79.9, -77.9, 685.2, 686.3, 686.7, 686.1, 684.9, 683.9, 683.4, 683.9, 689.1, 687.0, 685.0, 683.9, 684.4, 685.4, 686.5, 684.6, 683.0, 682.7, 683.8, 686.2, 685.3, 685.1, 685.2, 685.7, 686.3, 686.5, 686.4, 685.9, 655.3, 656.5, 657.6, 658.0, 657.4, 656.1, 655.0, 654.8, 656.1, 655.2, 654.5, 654.7, 656.2, 658.8, 661.3, 658.4, 655.7, 654.0, 653.8, 654.8, 656.4, 656.5, 657.0, 657.6, 657.8, 657.7, 657.2, 656.6, 268.0, -53.6, 829.9, 0.173, 0.412, -0.149, 0.00, 0.00, 0.00, 0.00, 0.00, 0.00, 0.06, 0.00, 0.20, 0.19, 0.07, 0.29, 0.00, 0.12, 0.34, 0.42, 0.06, 0.00, 0.00, 0.00, 1.00, 0.00, 0.00, 0.00, 0.00, 0.00, 1.00, 0.00, 0.00, 0.00, 0.00, 0.00, 0.00, 0.00, 0.00
11, 0, 0.334, 0.98, 1, -0.315489, 0.141245, -0.938358, -0.365787, 0.173735, -0.914339, -0.352, 0.168, 876.8, 878.4, 883.3, 888.7, 891.5, 890.4, 885.0, 879.5, 870.2, 873.0, 877.5, 883.4, 889.5, 894.1, 897.4, 894.2, 889.3, 883.9, 878.6, 873.8, 882.2, 884.6, 886.7, 887.4, 886.2, 883.8, 881.7, 881.0, 946.3, 947.9, 953.2, 959.0, 961.9, 960.2, 955.0, 948.8, 941.0, 944.0, 948.6, 954.5, 960.4, 965.2, 968.4, 965.5, 961.1, 955.9, 950.4, 945.1, 951.8, 954.3, 956.6, 957.4, 956.1, 953.6, 951.2, 950.5, 261.4, 256.1, 253.3, 254.8, 259.6, 265.4, 267.7, 266.2, 266.1, 261.7, 258.4, 256.4, 257.1, 259.6, 263.4, 265.3, 266.2, 267.1, 267.6, 267.4, 263.3, 264.0, 262.8, 260.4, 258.3, 257.7, 258.9, 261.2, 256.3, 250.5, 247.7, 249.6, 255.0, 260.8, 263.5, 262.2, 261.0, 256.5, 253.2, 251.7, 252.5, 254.6, 258.1, 260.6, 262.1, 262.9, 262.9, 262.6, 258.6, 259.4, 258.2, 255.6, 253.3, 252.4, 253.6, 256.2, 184.3, 185.9, 189.8, 193.9, 195.7, 194.5, 190.2, 186.1, 180.2, 181.8, 184.8, 189.1, 194.0, 197.9, 200.8, 197.7, 193.4, 189.2, 185.3, 182.2, 188.6, 190.3, 192.1, 192.7, 192.0, 190.2, 188.5, 187.8, 228.6, 230.2, 234.5, 238.9, 240.8, 239.2, 234.9, 230.3, 225.0, 226.9, 230.0, 234.4, 239.4, 243.9, 247.3, 244.0, 239.7, 235.3, 231.1, 227.5, 233.0, 235.0, 236.9, 237.6, 236.7, 234.8, 232.9, 232.2, -76.7, -81.1, -83.2, -82.0, -78.1, -73.5, -71.6, -72.8, -73.5, -76.7, -79.1, -80.5, -80.0, -78.2, -75.3, -73.6, -72.8, -72.1, -71.8, -72.1, -75.3, -74.7, -75.7, -77.6, -79.3, -79.8, -78.8, -77.0, -77.4, -81.9, -84.0, -82.7, -78.6, -74.1, -72.0, -73.0, -74.0, -77.2, -79.6, -80.8, -80.3, -79.0, -76.7, -74.5, -73.1, -72.3, -72.3, -72.6, -75.8, -75.2, -76.2, -78.1, -79.9, -80.5, -79.6, -77.6, 681.1, 682.3, 682.7, 682.1, 680.9, 679.9, 679.3, 679.8, 684.9, 682.8, 680.8, 679.8, 680.3, 681.4, 682.6, 680.7, 679.0, 678.6, 679.7, 682.0, 681.2, 681.0, 681.2, 681.7, 682.2, 682.5, 682.3, 681.8, 652.9, 654.1, 655.1, 655.4, 654.7, 653.6, 652.6, 652.5, 653.9, 652.9, 652.1, 652.2, 653.7, 656.2, 658.7, 655.8, 653.1, 651.5, 651.4, 652.6, 653.9, 654.1, 654.5, 655.0, 655.3, 655.2, 654.7, 654.2, 266.5, -52.7, 824.3, 0.181, 0.398, -0.148, 0.00, 0.00, 0.00, 0.00, 0.00, 0.00, 0.06, 0.00, 0.22, 0.10, 0.02, 0.43, 0.08, 0.21, 0.33, 0.46, 0.04, 0.00, 0.00, 0.00, 1.00, 0.00, 0.00, 0.00, 0.00, 0.00, 0.00, 0.00, 0.00, 0.00, 0.00, 0.00, 0.00, 0.00, 0.00
12, 0, 0.367, 0.98, 1, -0.294248, 0.101618, -0.950312, -0.348608, 0.155190, -0.924332, -0.330, 0.136, 878.9, 880.5, 885.4, 890.7, 893.3, 892.0, 886.7, 881.4, 872.5, 875.1, 879.5, 885.2, 891.2, 895.7, 898.9, 895.5, 890.7, 885.4, 880.3, 875.8, 884.1, 886.4, 888.6, 889.3, 888.2, 885.9, 883.8, 883.0, 948.4, 950.0, 955.2, 961.0, 963.9, 962.3, 957.1, 950.9, 943.3, 946.2, 950.6, 956.6, 962.5, 967.2, 970.5, 967.6, 963.3, 958.2, 952.7, 947.3, 953.9, 956.4, 958.7, 959.4, 958.1, 955.6, 953.3, 952.6, 261.9, 256.7, 254.1, 255.6, 260.4, 266.0, 268.2, 266.7, 266.8, 262.3, 258.9, 256.9, 257.8, 260.7, 264.8, 266.4, 267.1, 267.8, 268.2, 268.0, 263.9, 264.5, 263.4, 261.1, 259.1, 258.4, 259.6, 261.8, 257.3, 251.5, 248.7, 250.5, 255.9, 261.7, 264.5, 263.2, 261.9, 257.2, 253.7, 252.1, 252.9, 255.2, 258.8, 261.4, 263.0, 263.8, 263.8, 263.5, 259.5, 260.3, 259.1, 256.6, 254.2, 253.4, 254.6, 257.2, 189.1, 190.8, 194.8, 198.7, 200.4, 199.1, 194.7, 190.8, 185.1, 186.6, 189.5, 193.8, 198.6, 202.4, 205.2, 202.0, 197.7, 193.5, 189.9, 186.9, 193.3, 195.0, 196.8, 197.5, 196.8, 195.0, 193.3, 192.6, 230.1, 231.7, 235.9, 240.4, 242.4, 240.8, 236.5, 231.9, 226.6, 228.4, 231.5, 236.0, 241.0, 245.4, 248.8, 245.6, 241.4, 236.9, 232.8, 229.2, 234.6, 236.5, 238.4, 239.1, 238.2, 236.3, 234.4, 233.7, -77.6, -81.9, -84.0, -82.7, -78.8, -74.3, -72.5, -73.7, -74.2, -77.6, -80.0, -81.5, -80.8, -78.6, -75.5, -74.0, -73.3, -72.7, -72.6, -72.9, -76.1, -75.5, -76.5, -78.3, -80.0, -80.6, -79.6, -77.8, -76.6, -81.1, -83.3, -82.0, -77.9, -73.4, -71.2, -72.2, -73.3, -76.7, -79.2, -80.4, -80.0, -78.6, -76.2, -73.9, -72.4, -71.6, -71.6, -71.9, -75.1, -74.5, -75.5, -77.4, -79.2, -79.8, -78.8, -76.9, 692.8, 694.1, 694.4, 693.6, 692.3, 691.2, 690.7, 691.5, 696.8, 694.7, 692.6, 691.4, 691.7, 692.6, 693.4, 691.7, 690.3, 690.1, 691.3, 693.8, 692.8, 692.5, 692.6, 693.2, 693.8, 694.1, 694.0, 693.4, 652.9, 654.0, 655.0, 655.3, 654.7, 653.6, 652.6, 652.5, 653.8, 652.8, 652.1, 652.2, 653.7, 656.3, 658.7, 655.9, 653.2, 651.6, 651.4, 652.5, 654.0, 654.1, 654.5, 655.0, 655.3, 655.1, 654.7, 654.2, 271.3, -54.2, 834.9, 0.118, 0.363, -0.114, 0.00, 0.00, 0.00, 0.00, 0.00, 0.00, 0.00, 0.00, 0.21, 0.00, 0.00, 0.61, 0.08, 0.47, 0.18, 0.31, 0.01, 0.00, 0.00, 0.00, 1.00, 0.00, 0.00, 0.00, 0.00, 0.00, 0.00, 0.00, 1.00, 0.00, 0.00, 0.00, 0.00, 0.00, 0.00
13, 0, 0.400, 0.98, 1, -0.284751, 0.090836, -0.954288, -0.352276, 0.136400, -0.925903, -0.327, 0.120, 881.4, 882.9, 887.9, 893.4, 896.1, 895.0, 889.6, 884.2, 875.0, 877.6, 882.0, 887.8, 893.9, 898.6, 902.0, 898.7, 893.8, 888.4, 883.1, 878.4, 886.8, 889.2, 891.4, 892.1, 890.8, 888.5, 886.3, 885.6, 950.7, 952.5, 957.9, 963.8, 966.7, 965.0, 959.6, 953.3, 945.9, 949.0, 953.6, 959.7, 965.7, 970.5, 973.8, 970.8, 966.4, 961.1, 955.5, 950.0, 956.4, 959.0, 961.3, 962.1, 960.8, 958.2, 955.9, 955.1, 263.0, 257.6, 254.8, 256.2, 261.1, 266.9, 269.3, 267.9, 267.7, 263.3, 260.0, 257.9, 258.5, 261.1, 264.9, 266.8, 267.8, 268.7, 269.2, 269.1, 264.9, 265.5, 264.3, 261.9, 259.8, 259.2, 260.4, 262.8, 258.1, 252.2, 249.4, 251.3, 256.9, 262.8, 265.6, 264.2, 262.7, 258.0, 254.5, 252.9, 253.9, 256.2, 259.9, 262.6, 264.1, 264.9, 264.9, 264.5, 260.4, 261.3, 260.1, 257.5, 255.1, 254.2, 255.5, 258.0, 187.4, 188.9, 192.9, 196.9, 198.7, 197.6, 193.3, 189.3, 183.5, 185.0, 187.8, 192.0, 196.9, 200.8, 203.8, 200.7, 196.4, 192.2, 188.4, 185.4, 191.7, 193.5, 195.2, 195.8, 195.0, 193.3, 191.6, 190.9, 226.0, 227.7, 231.9, 236.3, 238.2, 236.6, 232.3, 227.7, 222.8, 224.7, 227.8, 232.3, 237.2, 241.7, 245.0, 241.8, 237.5, 233.1, 228.9, 225.3, 230.5, 232.4, 234.3, 235.0, 234.2, 232.2, 230.4, 229.7, -75.3, -79.7, -81.9, -80.7, -76.8, -72.1, -70.2, -71.4, -72.1, -75.3, -77.6, -79.1, -78.7, -76.8, -73.9, -72.3, -71.4, -70.7, -70.4, -70.7, -73.9, -73.3, -74.3, -76.2, -77.9, -78.4, -77.5, -75.6, -74.1, -78.5, -80.7, -79.3, -75.2, -70.8, -68.6, -69.7, -70.9, -74.2, -76.6, -77.8, -77.3, -75.9, -73.5, -71.2, -69.8, -69.0, -69.0, -69.4, -72.5, -71.9, -72.9, -74.8, -76.6, -77.2, -76.2, -74.3, 679.4, 680.5, 680.8, 680.1, 678.9, 678.1, 677.6, 678.3, 683.4, 681.2, 679.1, 677.9, 678.3, 679.4, 680.5, 678.7, 677.2, 677.0, 678.1, 680.5, 679.5, 679.3, 679.4, 679.8, 680.4, 680.6, 680.5, 680.1, 636.5, 637.6, 638.5, 638.7, 638.1, 637.0, 636.1, 636.0, 637.3, 636.4, 635.7, 635.8, 637.3, 639.9, 642.3, 639.5, 636.7, 635.1, 635.0, 636.0, 637.4, 637.5, 637.9, 638.4, 638.7, 638.6, 638.2, 637.7, 275.0, -54.1, 838.2, 0.085, 0.325, -0.099, 0.00, 0.00, 0.00, 0.05, 0.00, 0.00, 0.00, 0.00, 0.20, 0.00, 0.00, 0.86, 0.08, 0.69, 0.00, 0.05, 0.01, 0.00, 0.00, 0.00, 1.00, 0.00, 0.00, 0.00, 0.00, 0.00, 0.00, 0.00, 1.00, 0.00, 0.00, 0.00, 0.00, 0.00, 0.00
14, 0, 0.434, 0.98, 1, -0.259009, 0.095354, -0.961157, -0.329237, 0.151565, -0.932004, -0.301, 0.130, 883.8, 885.3, 890.2, 895.6, 898.4, 897.3, 892.0, 886.6, 877.2, 879.9, 884.3, 890.1, 896.2, 900.8, 904.1, 900.8, 896.0, 890.7, 885.5, 880.8, 889.2, 891.5, 893.7, 894.4, 893.1, 890.8, 888.6, 887.9, 953.1, 954.8, 960.2, 966.1, 969.1, 967.5, 962.1, 955.7, 948.1, 951.3, 956.0, 962.1, 968.1, 972.7, 975.9, 973.1, 968.9, 963.6, 957.9, 952.3, 958.8, 961.4, 963.7, 964.4, 963.1, 960.5, 958.2, 957.5, 264.9, 259.5, 256.7, 258.2, 263.0, 268.9, 271.3, 269.8, 269.5, 265.2, 261.8, 259.7, 260.3, 262.9, 266.8, 268.8, 269.8, 270.7, 271.2, 271.0, 266.8, 267.4, 266.2, 263.8, 261.7, 261.1, 262.3, 264.7, 259.8, 253.8, 251.0, 253.0, 258.6, 264.5, 267.3, 265.9, 264.3, 259.5, 256.0, 254.4, 255.3, 257.8, 261.6, 264.2, 265.7, 266.5, 266.5, 266.1, 262.1, 263.0, 261.8, 259.2, 256.7, 255.9, 257.1, 259.7, 190.7, 192.2, 196.1, 200.2, 202.1, 201.0, 196.7, 192.6, 186.7, 188.1, 191.0, 195.3, 200.1, 204.1, 207.0, 203.9, 199.7, 195.5, 191.7, 188.7, 195.0, 196.8, 198.5, 199.2, 198.4, 196.6, 194.8, 194.2, 225.8, 227.4, 231.7, 236.1, 238.1, 236.4, 232.1, 227.5, 222.4, 224.4, 227.6, 232.1, 237.1, 241.5, 244.8, 241.6, 237.4, 233.0, 228.7, 225.0, 230.2, 232.2, 234.1, 234.8, 233.9, 232.0, 230.1, 229.4, -74.4, -78.7, -81.0, -79.8, -75.8, -71.2, -69.3, -70.5, -71.2, -74.4, -76.8, -78.3, -77.9, -76.0, -73.0, -71.3, -70.4, -69.6, -69.4, -69.8, -72.9, -72.4, -73.4, -75.3, -77.0, -77.6, -76.6, -74.7, -72.3, -76.7, -78.9, -77.5, -73.4, -69.0, -66.8, -67.8, -69.1, -72.4, -74.9, -76.1, -75.6, -74.2, -71.7, -69.5, -68.1, -67.3, -67.3, -67.7, -70.7, -70.1, -71.0, -73.0, -74.7, -75.3, -74.4, -72.5, 684.5, 685.5, 685.9, 685.4, 684.4, 683.6, 683.1, 683.5, 688.4, 686.3, 684.2, 683.1, 683.6, 684.8, 686.0, 684.2, 682.7, 682.3, 683.4, 685.7, 684.8, 684.6, 684.8, 685.2, 685.7, 685.9, 685.7, 685.3, 630.8, 632.0, 633.1, 633.5, 633.0, 631.8, 630.7, 630.4, 631.5, 630.7, 630.2, 630.6, 632.3, 635.0, 637.6, 634.6, 631.7, 629.8, 629.5, 630.4, 632.0, 632.2, 632.6, 633.2, 633.4, 633.2, 632.7, 632.2, 277.5, -52.2, 837.9, 0.095, 0.288, -0.104, 0.00, 0.00, 0.00, 0.11, 0.00, 0.00, 0.00, 0.00, 0.22, 0.00, 0.00, 0.82, 0.00, 0.51, 0.00, 0.09, 0.00, 0.00, 0.00, 0.00, 1.00, 0.00, 0.00, 0.00, 0.00, 0.00, 0.00, 0.00, 1.00, 0.00, 0.00, 0.00, 0.00, 0.00, 0.00
15, 0, 0.467, 0.98, 1, -0.253774, 0.106986, -0.961329, -0.306005, 0.154678, -0.939380, -0.286, 0.137, 885.7, 887.2, 892.2, 897.8, 900.6, 899.5, 894.1, 888.5, 879.0, 881.8, 886.3, 892.3, 898.5, 903.1, 906.4, 903.1, 898.3, 892.9, 887.6, 882.7, 891.1, 893.6, 895.8, 896.5, 895.2, 892.8, 890.5, 889.9, 955.5, 957.2, 962.6, 968.5, 971.5, 969.8, 964.4, 958.1, 950.3, 953.5, 958.2, 964.4, 970.3, 974.9, 978.0, 975.2, 971.0, 965.8, 960.1, 954.5, 961.1, 963.7, 966.0, 966.8, 965.5, 962.9, 960.5, 959.8, 267.3, 261.7, 258.8, 260.4, 265.4, 271.4, 273.8, 272.3, 272.0, 267.6, 264.3, 262.2, 262.7, 265.2, 269.1, 271.1, 272.2, 273.2, 273.6, 273.4, 269.2, 269.9, 268.6, 266.2, 264.0, 263.3, 264.6, 267.0, 261.7, 255.8, 253.0, 255.0, 260.6, 266.5, 269.3, 267.8, 266.2, 261.4, 257.9, 256.2, 257.2, 259.7, 263.6, 266.3, 267.9, 268.6, 268.6, 268.1, 264.1, 265.0, 263.8, 261.2, 258.7, 257.8, 259.0, 261.7, 188.5, 189.9, 193.9, 198.0, 200.0, 198.9, 194.5, 190.4, 184.3, 185.9, 188.8, 193.2, 198.1, 202.0, 204.9, 201.9, 197.7, 193.4, 189.6, 186.5, 192.8, 194.6, 196.4, 197.0, 196.2, 194.3, 192.6, 191.9, 227.6, 229.3, 233.6, 238.0, 240.0, 238.3, 234.0, 229.3, 224.1, 226.1, 229.3, 233.9, 238.9, 243.2, 246.5, 243.3, 239.2, 234.7, 230.5, 226.8, 232.1, 234.0, 235.9, 236.7, 235.8, 233.8, 231.9, 231.2, -71.1, -75.5, -77.8, -76.5, -72.6, -67.9, -66.0, -67.2, -67.9, -71.0, -73.4, -74.9, -74.6, -72.8, -69.9, -68.2, -67.2, -66.4, -66.1, -66.5, -69.7, -69.1, -70.1, -72.1, -73.8, -74.3, -73.4, -71.4, -70.9, -75.3, -77.5, -76.1, -72.0, -67.6, -65.4, -66.5, -67.7, -71.1, -73.6, -74.8, -74.3, -72.8, -70.3, -68.0, -66.6, -65.8, -65.8, -66.3, -69.3, -68.7, -69.6, -71.6, -73.4, -74.0, -73.0, -71.1, 671.3, 672.2, 672.7, 672.3, 671.4, 670.6, 670.0, 670.3, 674.9, 672.7, 670.7, 669.8, 670.5, 671.8, 673.1, 671.3, 669.6, 669.1, 670.1, 672.2, 671.7, 671.5, 671.7, 672.1, 672.5, 672.7, 672.5, 672.1, 631.2, 632.3, 633.5, 634.0, 633.6, 632.4, 631.3, 630.9, 631.9, 631.1, 630.6, 631.0, 632.8, 635.5, 638.1, 635.1, 632.3, 630.4, 630.0, 630.8, 632.5, 632.7, 633.2, 633.7, 633.9, 633.7, 633.1, 632.6, 279.0, -49.6, 836.1, 0.111, 0.270, -0.111, 0.00, 0.00, 0.00, 0.14, 0.00, 0.00, 0.00, 0.00, 0.25, 0.00, 0.00, 0.57, 0.00, 0.29, 0.00, 0.18, 0.00, 0.00, 0.00, 0.00, 1.00, 0.00, 0.00, 0.00, 0.00, 0.00, 0.00, 0.00, 1.00, 0.00, 0.00, 0.00, 0.00, 0.00, 0.00
16, 0, 0.501, 0.98, 1, -0.249124, 0.121910, -0.960768, -0.298344, 0.161059, -0.940771, -0.280, 0.148, 886.7, 888.2, 893.2, 898.8, 901.6, 900.5, 895.0, 889.5, 880.1, 882.8, 887.4, 893.3, 899.5, 904.2, 907.5, 904.2, 899.2, 893.8, 888.5, 883.7, 892.2, 894.6, 896.8, 897.5, 896.2, 893.8, 891.6, 890.9, 956.5, 958.2, 963.6, 969.4, 972.4, 970.7, 965.4, 959.1, 951.4, 954.4, 959.0, 965.2, 971.2, 975.9, 979.1, 976.2, 972.0, 966.8, 961.1, 955.6, 962.1, 964.7, 967.1, 967.8, 966.5, 963.9, 961.5, 960.7, 269.3, 263.7, 260.9, 262.4, 267.4, 273.3, 275.8, 274.3, 273.9, 269.5, 266.2, 264.1, 264.7, 267.2, 271.1, 273.1, 274.2, 275.1, 275.6, 275.4, 271.2, 271.9, 270.6, 268.2, 266.0, 265.3, 266.6, 269.0, 263.3, 257.4, 254.7, 256.6, 262.2, 268.0, 270.8, 269.3, 267.8, 262.9, 259.5, 257.8, 258.8, 261.3, 265.3, 267.9, 269.4, 270.2, 270.1, 269.6, 265.7, 266.6, 265.4, 262.8, 260.3, 259.4, 260.7, 263.3, 189.2, 190.6, 194.6, 198.7, 200.6, 199.5, 195.2, 191.1, 185.2, 186.7, 189.6, 193.9, 198.8, 202.7, 205.6, 202.5, 198.2, 194.0, 190.3, 187.2, 193.5, 195.3, 197.0, 197.6, 196.8, 195.0, 193.3, 192.6, 229.9, 231.6, 235.9, 240.3, 242.2, 240.5, 236.2, 231.6, 226.5, 228.4, 231.5, 236.1, 241.1, 245.5, 248.7, 245.5, 241.4, 236.9, 232.7, 229.1, 234.3, 236.3, 238.2, 239.0, 238.1, 236.2, 234.2, 233.5, -69.6, -73.9, -76.2, -75.0, -71.0, -66.4, -64.5, -65.7, -66.4, -69.6, -71.9, -73.4, -73.0, -71.2, -68.3, -66.6, -65.6, -64.9, -64.6, -65.0, -68.1, -67.6, -68.6, -70.5, -72.2, -72.7, -71.8, -69.9, -70.2, -74.6, -76.8, -75.4, -71.3, -66.9, -64.8, -65.8, -67.1, -70.5, -73.0, -74.2, -73.6, -72.1, -69.5, -67.2, -65.9, -65.1, -65.2, -65.6, -68.6, -68.0, -68.9, -70.9, -72.7, -73.3, -72.4, -70.4, 671.1, 672.1, 672.4, 671.9, 670.9, 670.1, 669.6, 670.1, 674.9, 672.7, 670.6, 669.6, 670.1, 671.3, 672.5, 670.7, 669.1, 668.8, 669.9, 672.1, 671.4, 671.2, 671.3, 671.7, 672.2, 672.4, 672.2, 671.8, 635.6, 636.8, 637.9, 638.3, 637.6, 636.4, 635.3, 635.1, 636.3, 635.6, 635.1, 635.3, 636.9, 639.5, 641.9, 639.0, 636.2, 634.4, 634.1, 635.1, 636.7, 636.8, 637.3, 637.9, 638.1, 638.0, 637.5, 636.9, 279.3, -47.0, 834.1, 0.135, 0.264, -0.119, 0.00, 0.00, 0.00, 0.08, 0.00, 0.00, 0.00, 0.00, 0.29, 0.00, 0.00, 0.46, 0.00, 0.11, 0.08, 0.34, 0.00, 0.00, 0.00, 0.00, 1.00, 0.00, 0.00, 0.00, 0.00, 0.00, 0.00, 0.00, 0.00, 0.00, 0.00, 0.00, 0.00, 0.00, 0.00
17, 0, 0.534, 0.98, 1, -0.248510, 0.136837, -0.958915, -0.303977, 0.169871, -0.937412, -0.283, 0.160, 886.7, 888.2, 893.2, 898.7, 901.5, 900.4, 895.1, 889.6, 880.2, 882.9, 887.4, 893.3, 899.5, 904.1, 907.4, 904.1, 899.2, 893.8, 888.5, 883.8, 892.2, 894.6, 896.7, 897.4, 896.2, 893.8, 891.6, 891.0, 956.5, 958.1, 963.5, 969.4, 972.4, 970.7, 965.4, 959.1, 951.5, 954.5, 959.0, 965.1, 971.2, 975.9, 979.3, 976.4, 972.0, 966.8, 961.1, 955.7, 962.1, 964.7, 967.1, 967.8, 966.5, 963.9, 961.5, 960.7, 270.9, 265.3, 262.5, 263.9, 268.9, 274.8, 277.3, 275.8, 275.4, 271.0, 267.7, 265.6, 266.2, 268.7, 272.6, 274.6, 275.6, 276.6, 277.0, 276.8, 272.7, 273.4, 272.1, 269.7, 267.5, 266.9, 268.2, 270.6, 264.8, 258.9, 256.1, 258.0, 263.5, 269.4, 272.2, 270.8, 269.4, 264.5, 261.0, 259.3, 260.2, 262.7, 266.5, 269.3, 270.8, 271.7, 271.6, 271.2, 267.2, 268.0, 266.8, 264.1, 261.7, 260.9, 262.1, 264.7, 190.9, 192.3, 196.3, 200.4, 202.3, 201.3, 197.0, 192.9, 186.9, 188.4, 191.3, 195.6, 200.5, 204.5, 207.4, 204.3, 200.0, 195.8, 192.0, 189.0, 195.2, 197.0, 198.8, 199.4, 198.5, 196.7, 195.0, 194.4, 230.1, 231.7, 236.0, 240.4, 242.4, 240.7, 236.4, 231.8, 226.8, 228.6, 231.7, 236.2, 241.2, 245.6, 249.0, 245.7, 241.5, 237.1, 232.9, 229.3, 234.5, 236.5, 238.4, 239.1, 238.3, 236.3, 234.4, 233.7, -69.0, -73.3, -75.6, -74.4, -70.5, -65.8, -63.9, -65.0, -65.8, -69.0, -71.4, -72.9, -72.5, -70.7, -67.8, -66.1, -65.1, -64.3, -64.1, -64.5, -67.6, -67.0, -68.0, -69.9, -71.7, -72.2, -71.2, -69.3, -69.2, -73.6, -75.8, -74.4, -70.4, -66.0, -63.8, -64.8, -66.0, -69.4, -71.9, -73.2, -72.7, -71.2, -68.6, -66.3, -64.9, -64.1, -64.1, -64.5, -67.6, -67.0, -68.0, -69.9, -71.7, -72.3, -71.4, -69.4, 677.1, 678.0, 678.3, 677.9, 676.9, 676.2, 675.7, 676.2, 680.9, 678.7, 676.6, 675.5, 676.1, 677.4, 678.6, 676.9, 675.3, 674.9, 676.0, 678.2, 677.4, 677.2, 677.4, 677.7, 678.2, 678.3, 678.2, 677.8, 636.2, 637.4, 638.4, 638.6, 638.0, 636.8, 635.8, 635.7, 637.0, 636.2, 635.6, 635.7, 637.3, 639.8, 642.1, 639.3, 636.5, 634.9, 634.7, 635.8, 637.2, 637.3, 637.8, 638.3, 638.6, 638.5, 638.0, 637.5, 278.6, -45.1, 831.9, 0.156, 0.264, -0.126, 0.00, 0.00, 0.00, 0.03, 0.00, 0.00, 0.00, 0.00, 0.35, 0.00, 0.00, 0.40, 0.00, 0.09, 0.17, 0.57, 0.00, 0.00, 0.00, 0.00, 1.00, 0.00, 0.00, 0.00, 0.00, 0.00, 0.00, 0.00, 0.00, 0.00, 0.00, 0.00, 0.00, 0.00, 0.00
18, 0, 0.567, 0.98, 1, -0.252431, 0.141209, -0.957256, -0.302471, 0.176087, -0.936752, -0.285, 0.166, 885.8, 887.4, 892.5, 898.1, 900.9, 899.8, 894.3, 888.7, 879.3, 882.0, 886.5, 892.5, 898.8, 903.5, 906.9, 903.4, 898.5, 893.0, 887.6, 882.9, 891.4, 893.8, 896.1, 896.8, 895.5, 893.1, 890.8, 890.1, 955.7, 957.4, 962.8, 968.8, 971.9, 970.2, 964.8, 958.4, 950.6, 953.6, 958.2, 964.4, 970.5, 975.4, 978.8, 975.8, 971.4, 966.1, 960.3, 954.7, 961.5, 964.1, 966.5, 967.2, 965.9, 963.2, 960.9, 960.1, 271.8, 266.2, 263.3, 264.8, 269.8, 275.8, 278.3, 276.8, 276.4, 271.8, 268.4, 266.3, 266.9, 269.6, 273.7, 275.7, 276.7, 277.6, 278.0, 277.8, 273.7, 274.4, 273.1, 270.6, 268.4, 267.8, 269.0, 271.5, 265.8, 259.9, 257.0, 258.9, 264.4, 270.4, 273.3, 271.9, 270.4, 265.5, 261.9, 260.2, 261.2, 263.6, 267.6, 270.3, 271.9, 272.7, 272.7, 272.3, 268.2, 269.0, 267.8, 265.1, 262.7, 261.8, 263.1, 265.7, 186.8, 188.3, 192.2, 196.3, 198.1, 197.0, 192.7, 188.6, 182.8, 184.3, 187.2, 191.4, 196.3, 200.2, 203.1, 200.0, 195.7, 191.5, 187.8, 184.8, 191.0, 192.8, 194.6, 195.2, 194.4, 192.6, 190.9, 190.2, 226.7, 228.3, 232.6, 237.0, 238.9, 237.3, 233.0, 228.4, 223.3, 225.1, 228.2, 232.7, 237.6, 242.1, 245.5, 242.2, 238.0, 233.5, 229.4, 225.8, 231.1, 233.1, 235.0, 235.7, 234.8, 232.9, 231.0, 230.3, -67.1, -71.4, -73.6, -72.4, -68.5, -63.8, -61.9, -63.1, -63.9, -67.2, -69.5, -71.1, -70.6, -68.7, -65.7, -64.0, -63.1, -62.4, -62.2, -62.5, -65.6, -65.0, -66.0, -67.9, -69.7, -70.2, -69.2, -67.3, -67.6, -72.0, -74.2, -72.9, -68.8, -64.4, -62.2, -63.2, -64.4, -67.9, -70.4, -71.6, -71.1, -69.6, -67.0, -64.7, -63.3, -62.6, -62.5, -62.9, -66.0, -65.4, -66.4, -68.3, -70.1, -70.7, -69.8, -67.8, 664.8, 665.8, 666.1, 665.5, 664.4, 663.6, 663.1, 663.7, 668.6, 666.5, 664.4, 663.3, 663.7, 664.8, 665.9, 664.2, 662.6, 662.4, 663.5, 665.8, 665.0, 664.7, 664.9, 665.3, 665.8, 666.1, 665.9, 665.5, 628.2, 629.3, 630.3, 630.6, 629.9, 628.7, 627.7, 627.6, 629.0, 628.1, 627.5, 627.6, 629.1, 631.6, 634.0, 631.1, 628.4, 626.7, 626.6, 627.7, 629.1, 629.2, 629.7, 630.2, 630.5, 630.4, 629.9, 629.4, 276.9, -43.7, 828.8, 0.172, 0.269, -0.129, 0.00, 0.00, 0.00, 0.00, 0.00, 0.00, 0.00, 0.00, 0.38, 0.00, 0.00, 0.46, 0.00, 0.05, 0.34, 0.86, 0.00, 0.00, 0.00, 0.00, 1.00, 0.00, 0.00, 0.00, 0.00, 0.00, 0.00, 0.00, 0.00, 0.00, 0.00, 0.00, 1.00, 0.00, 0.00
19, 0, 0.601, 0.98, 1, -0.260920, 0.143292, -0.954667, -0.310962, 0.172114, -0.934708, -0.294, 0.165, 884.7, 886.3, 891.4, 897.1, 899.9, 898.7, 893.1, 887.5, 878.1, 880.9, 885.5, 891.6, 897.8, 902.6, 905.9, 902.5, 897.4, 891.9, 886.5, 881.7, 890.2, 892.7, 895.0, 895.7, 894.4, 892.0, 889.7, 889.0, 954.6, 956.3, 961.8, 967.8, 970.9, 969.2, 963.7, 957.3, 949.4, 952.5, 957.2, 963.4, 969.5, 974.3, 977.7, 974.8, 970.4, 965.1, 959.3, 953.6, 960.4, 963.0, 965.4, 966.2, 964.8, 962.2, 959.7, 959.0, 271.6, 266.0, 263.2, 264.7, 269.8, 275.8, 278.3, 276.7, 276.3, 271.7, 268.3, 266.2, 266.9, 269.6, 273.7, 275.7, 276.6, 277.5, 277.9, 277.7, 273.7, 274.3, 273.1, 270.6, 268.4, 267.7, 269.0, 271.4, 265.8, 259.8, 257.0, 259.0, 264.5, 270.5, 273.3, 271.9, 270.3, 265.4, 261.8, 260.1, 261.1, 263.7, 267.8, 270.5, 272.0, 272.8, 272.7, 272.3, 268.2, 269.1, 267.8, 265.2, 262.8, 261.9, 263.1, 265.8, 184.6, 186.1, 190.1, 194.2, 196.0, 194.8, 190.5, 186.4, 180.6, 182.2, 185.1, 189.4, 194.3, 198.1, 201.0, 197.8, 193.6, 189.3, 185.6, 182.6, 188.9, 190.7, 192.4, 193.1, 192.3, 190.5, 188.7, 188.1, 223.8, 225.5, 229.8, 234.2, 236.1, 234.4, 230.1, 225.5, 220.3, 222.3, 225.5, 230.0, 234.9, 239.3, 242.6, 239.4, 235.2, 230.7, 226.5, 222.9, 228.3, 230.2, 232.1, 232.8, 232.0, 230.1, 228.2, 227.4, -66.7, -71.0, -73.2, -72.0, -68.0, -63.4, -61.5, -62.7, -63.5, -66.8, -69.1, -70.6, -70.1, -68.2, -65.2, -63.6, -62.7, -62.0, -61.8, -62.2, -65.2, -64.6, -65.6, -67.5, -69.2, -69.8, -68.8, -66.9, -67.0, -71.4, -73.6, -72.2, -68.1, -63.7, -61.6, -62.6, -63.9, -67.3, -69.8, -71.0, -70.5, -68.9, -66.2, -64.0, -62.6, -61.9, -61.9, -62.4, -65.4, -64.8, -65.7, -67.7, -69.5, -70.1, -69.1, -67.2, 660.2, 661.3, 661.6, 661.0, 659.9, 659.0, 658.5, 659.1, 663.9, 661.8, 659.7, 658.7, 659.2, 660.3, 661.4, 659.6, 658.0, 657.7, 658.8, 661.1, 660.4, 660.1, 660.3, 660.8, 661.3, 661.5, 661.4, 660.9, 622.5, 623.8, 624.9, 625.2, 624.5, 623.2, 622.0, 621.9, 623.2, 622.5, 622.0, 622.2, 623.8, 626.3, 628.6, 625.7, 622.8, 621.1, 620.9, 621.9, 623.5, 623.6, 624.1, 624.7, 625.0, 624.9, 624.4, 623.8, 274.7, -43.1, 825.5, 0.173, 0.282, -0.128, 0.00, 0.00, 0.00, 0.00, 0.00, 0.00, 0.00, 0.00, 0.37, 0.00, 0.00, 0.43, 0.00, 0.00, 0.41, 1.01, 0.00, 0.00, 0.00, 0.00, 1.00, 0.00, 0.00, 0.00, 0.00, 0.00, 0.00, 0.00, 0.00, 0.00, 0.00, 1.00, 1.00, 0.00, 0.00
20, 0, 0.634, 0.98, 1, -0.260684, 0.152159, -0.953358, -0.330795, 0.176663, -0.927019, -0.305, 0.173, 883.9, 885.5, 890.5, 896.0, 898.7, 897.5, 892.0, 886.6, 877.3, 880.0, 884.5, 890.5, 896.6, 901.1, 904.3, 901.0, 896.1, 890.8, 885.5, 880.8, 889.3, 891.7, 893.9, 894.6, 893.4, 891.0, 888.8, 888.1, 953.2, 955.0, 960.5, 966.6, 969.6, 967.9, 962.3, 955.8, 948.0, 951.1, 955.8, 962.1, 968.3, 973.3, 976.7, 973.7, 969.1, 963.7, 957.8, 952.2, 959.0, 961.7, 964.1, 964.9, 963.5, 960.9, 958.5, 957.7, 271.2, 265.8, 263.0, 264.6, 269.6, 275.5, 277.9, 276.3, 275.6, 271.2, 268.0, 266.1, 266.8, 269.6, 273.6, 275.6, 276.7, 277.5, 277.7, 277.3, 273.2, 274.0, 272.7, 270.3, 268.1, 267.4, 268.6, 271.0, 265.7, 259.7, 256.9, 258.9, 264.5, 270.5, 273.4, 271.9, 270.3, 265.3, 261.7, 260.0, 261.0, 263.7, 267.8, 270.6, 272.1, 272.9, 272.8, 272.3, 268.2, 269.0, 267.8, 265.2, 262.7, 261.9, 263.1, 265.7, 188.9, 190.4, 194.4, 198.4, 200.3, 199.1, 194.8, 190.7, 184.9, 186.3, 189.3, 193.5, 198.4, 202.3, 205.1, 202.0, 197.8, 193.6, 189.9, 186.9, 193.2, 195.0, 196.7, 197.4, 196.6, 194.8, 193.0, 192.4, 221.2, 222.9, 227.2, 231.5, 233.4, 231.7, 227.4, 222.8, 217.8, 219.7, 222.8, 227.3, 232.2, 236.7, 240.0, 236.7, 232.5, 228.0, 223.8, 220.3, 225.6, 227.5, 229.4, 230.1, 229.3, 227.4, 225.6, 224.8, -68.7, -73.1, -75.2, -73.9, -70.0, -65.3, -63.5, -64.8, -65.8, -68.9, -71.2, -72.6, -72.0, -70.1, -67.0, -65.3, -64.4, -63.7, -63.6, -64.2, -67.2, -66.7, -67.6, -69.5, -71.3, -71.8, -70.9, -69.0, -66.6, -70.9, -73.1, -71.7, -67.6, -63.2, -61.1, -62.1, -63.4, -66.9, -69.4, -70.6, -70.0, -68.4, -65.7, -63.4, -62.1, -61.4, -61.4, -61.9, -64.9, -64.3, -65.3, -67.2, -68.9, -69.5, -68.6, -66.7, 677.7, 678.5, 678.8, 678.3, 677.4, 676.8, 676.3, 676.8, 681.6, 679.4, 677.2, 676.1, 676.6, 677.8, 679.1, 677.4, 675.8, 675.6, 676.7, 678.9, 678.0, 677.8, 677.9, 678.3, 678.7, 678.9, 678.8, 678.4, 617.9, 619.1, 620.1, 620.3, 619.5, 618.3, 617.3, 617.3, 618.8, 617.9, 617.3, 617.4, 618.9, 621.3, 623.6, 620.7, 618.0, 616.4, 616.2, 617.4, 618.8, 618.9, 619.3, 619.8, 620.2, 620.1, 619.7, 619.1, 273.3, -43.2, 825.0, 0.191, 0.303, -0.132, 0.00, 0.00, 0.00, 0.08, 0.00, 0.00, 0.00, 0.00, 0.31, 0.00, 0.00, 0.36, 0.00, 0.00, 0.51, 1.05, 0.00, 0.00, 0.00, 0.00, 1.00, 0.00, 0.00, 0.00, 0.00, 0.00, 0.00, 0.00, 0.00, 0.00, 0.00, 1.00, 1.00, 0.00, 0.00
21, 0, 0.667, 0.98, 1, -0.279803, 0.132816, -0.950826, -0.348567, 0.178775, -0.920076, -0.324, 0.165, 882.2, 883.8, 888.8, 894.3, 897.1, 895.9, 890.4, 884.9, 875.5, 878.3, 882.9, 888.9, 895.1, 899.7, 902.9, 899.6, 894.7, 889.3, 884.0, 879.1, 887.6, 890.0, 892.2, 892.9, 891.7, 889.3, 887.1, 886.4, 952.1, 953.9, 959.5, 965.6, 968.6, 966.8, 961.2, 954.7, 947.1, 950.2, 954.9, 961.2, 967.4, 972.4, 975.8, 972.8, 968.2, 962.7, 956.9, 951.3, 957.9, 960.6, 963.1, 963.9, 962.6, 959.8, 957.3, 956.5, 270.5, 265.0, 262.2, 263.8, 268.8, 274.8, 277.1, 275.5, 275.2, 270.7, 267.4, 265.3, 266.0, 268.7, 272.8, 274.8, 275.8, 276.7, 277.0, 276.7, 272.5, 273.2, 272.0, 269.6, 267.4, 266.7, 267.9, 270.3, 265.5, 259.4, 256.5, 258.4, 264.1, 270.2, 273.2, 271.7, 270.2, 265.2, 261.5, 259.8, 260.7, 263.2, 267.1, 270.1, 271.8, 272.7, 272.6, 272.1, 267.9, 268.8, 267.5, 264.8, 262.2, 261.3, 262.6, 265.4, 185.7, 187.2, 191.1, 195.2, 197.1, 196.0, 191.6, 187.5, 181.6, 183.1, 186.1, 190.4, 195.4, 199.2, 202.1, 199.0, 194.8, 190.5, 186.7, 183.6, 189.9, 191.7, 193.5, 194.1, 193.3, 191.5, 189.8, 189.1, 219.5, 221.1, 225.3, 229.7, 231.7, 230.0, 225.8, 221.2, 216.3, 218.2, 221.2, 225.7, 230.6, 235.1, 238.5, 235.2, 231.0, 226.6, 222.4, 218.9, 223.9, 225.9, 227.8, 228.5, 227.6, 225.7, 223.8, 223.0, -68.6, -72.9, -75.1, -73.8, -69.9, -65.3, -63.4, -64.7, -65.4, -68.6, -71.0, -72.4, -72.0, -70.0, -67.0, -65.3, -64.4, -63.7, -63.5, -63.9, -67.1, -66.6, -67.5, -69.4, -71.1, -71.7, -70.7, -68.8, -66.5, -70.9, -73.0, -71.7, -67.6, -63.2, -61.0, -62.1, -63.3, -66.7, -69.2, -70.4, -69.9, -68.5, -66.0, -63.6, -62.1, -61.3, -61.3, -61.8, -64.9, -64.2, -65.2, -67.2, -69.0, -69.6, -68.7, -66.7, 670.9, 671.8, 672.2, 671.8, 670.8, 670.1, 669.5, 669.9, 674.7, 672.5, 670.4, 669.4, 670.0, 671.3, 672.6, 670.8, 669.1, 668.7, 669.8, 671.9, 671.2, 671.0, 671.2, 671.6, 672.0, 672.2, 672.1, 671.7, 615.4, 616.4, 617.2, 617.4, 616.9, 615.9, 615.1, 615.1, 616.5, 615.4, 614.7, 614.7, 616.2, 618.8, 621.3, 618.5, 615.8, 614.2, 614.1, 615.2, 616.4, 616.5, 616.8, 617.3, 617.5, 617.4, 617.0, 616.6, 271.5, -43.5, 823.2, 0.180, 0.315, -0.129, 0.01, 0.00, 0.00, 0.26, 0.00, 0.00, 0.00, 0.00, 0.30, 0.00, 0.00, 0.34, 0.02, 0.00, 0.52, 0.98, 0.00, 0.00, 0.00, 0.00, 1.00, 0.00, 0.00, 0.00, 0.00, 0.00, 0.00, 0.00, 0.00, 0.00, 0.00, 1.00, 1.00, 0.00, 0.00
22, 0, 0.701, 0.98, 1, -0.287592, 0.135402, -0.948134, -0.359555, 0.175975, -0.916380, -0.334, 0.165, 881.2, 882.8, 887.8, 893.2, 895.9, 894.7, 889.3, 883.9, 874.5, 877.2, 881.9, 887.9, 894.0, 898.5, 901.7, 898.4, 893.6, 888.2, 882.9, 878.1, 886.5, 888.9, 891.1, 891.8, 890.6, 888.2, 886.0, 885.3, 951.2, 952.8, 958.3, 964.4, 967.6, 965.9, 960.5, 953.9, 945.9, 949.2, 954.0, 960.4, 966.6, 971.3, 974.5, 971.7, 967.4, 962.1, 956.2, 950.4, 956.9, 959.6, 962.1, 962.8, 961.4, 958.7, 956.2, 955.5, 269.6, 264.2, 261.5, 263.1, 268.0, 273.9, 276.2, 274.6, 274.2, 269.7, 266.3, 264.3, 265.1, 268.0, 272.2, 274.1, 275.0, 275.9, 276.2, 275.8, 271.6, 272.3, 271.1, 268.7, 266.6, 265.9, 267.0, 269.4, 264.8, 258.6, 255.6, 257.5, 263.3, 269.5, 272.5, 271.1, 269.5, 264.3, 260.6, 258.9, 260.0, 262.6, 266.7, 269.4, 270.9, 271.6, 271.6, 271.2, 267.2, 268.1, 266.7, 264.0, 261.4, 260.5, 261.9, 264.6, 186.2, 187.8, 191.7, 195.8, 197.6, 196.5, 192.1, 188.1, 182.0, 183.6, 186.6, 191.0, 195.9, 199.8, 202.6, 199.5, 195.3, 191.1, 187.3, 184.1, 190.5, 192.3, 194.0, 194.7, 193.9, 192.1, 190.3, 189.7, 216.1, 217.6, 221.8, 226.3, 228.4, 226.8, 222.6, 217.9, 212.6, 214.6, 217.9, 222.5, 227.5, 231.8, 235.0, 231.9, 227.8, 223.4, 219.1, 215.4, 220.5, 222.5, 224.4, 225.1, 224.2, 222.2, 220.3, 219.6, -69.8, -74.1, -76.2, -75.0, -71.0, -66.4, -64.6, -65.9, -66.6, -69.9, -72.3, -73.7, -73.2, -71.1, -68.0, -66.3, -65.4, -64.8, -64.6, -65.1, -68.3, -67.7, -68.7, -70.6, -72.3, -72.8, -71.9, -70.0, -66.1, -70.6, -72.8, -71.5, -67.4, -63.0, -60.8, -61.7, -62.9, -66.4, -69.0, -70.2, -69.7, -68.2, -65.6, -63.4, -62.0, -61.3, -61.3, -61.6, -64.6, -64.0, -65.0, -67.0, -68.8, -69.4, -68.4, -66.4, 675.7, 676.6, 677.1, 676.7, 675.7, 674.9, 674.3, 674.7, 679.4, 677.3, 675.2, 674.3, 674.9, 676.2, 677.4, 675.6, 674.0, 673.5, 674.5, 676.7, 676.0, 675.9, 676.0, 676.5, 676.9, 677.1, 676.9, 676.5, 607.6, 608.7, 609.9, 610.5, 610.1, 608.9, 607.7, 607.3, 608.2, 607.4, 607.0, 607.4, 609.3, 612.2, 614.7, 611.7, 608.8, 606.9, 606.4, 607.1, 608.9, 609.1, 609.6, 610.2, 610.3, 610.1, 609.5, 609.0, 270.3, -44.2, 822.7, 0.181, 0.335, -0.131, 0.10, 0.00, 0.00, 0.33, 0.00, 0.00, 0.00, 0.00, 0.32, 0.00, 0.00, 0.35, 0.02, 0.00, 0.57, 1.05, 0.00, 0.00, 0.00, 0.00, 1.00, 0.00, 0.00, 0.00, 0.00, 0.00, 0.00, 0.00, 0.00, 0.00, 0.00, 1.00, 1.00, 0.00, 0.00
23, 0, 0.734, 0.98, 1, -0.294828, 0.131939, -0.946398, -0.361515, 0.197944, -0.911112, -0.340, 0.176, 880.3, 881.9, 886.9, 892.2, 894.8, 893.6, 888.2, 882.9, 873.7, 876.4, 880.9, 886.8, 892.9, 897.4, 900.6, 897.2, 892.4, 887.1, 881.8, 877.2, 885.6, 887.9, 890.1, 890.8, 889.7, 887.3, 885.1, 884.4, 950.2, 952.0, 957.6, 963.6, 966.6, 964.8, 959.3, 952.8, 944.9, 948.1, 952.9, 959.2, 965.4, 970.3, 973.6, 970.7, 966.2, 960.8, 954.9, 949.2, 955.9, 958.6, 961.1, 961.9, 960.6, 957.9, 955.4, 954.5, 268.1, 262.8, 260.2, 261.7, 266.6, 272.3, 274.6, 273.0, 273.0, 268.3, 264.9, 262.8, 263.7, 266.6, 270.9, 272.6, 273.4, 274.1, 274.5, 274.3, 270.2, 270.8, 269.7, 267.4, 265.2, 264.5, 265.7, 268.0, 263.8, 257.8, 255.0, 257.0, 262.7, 268.7, 271.6, 270.1, 268.4, 263.5, 259.9, 258.2, 259.2, 261.7, 265.7, 268.3, 269.7, 270.5, 270.5, 270.1, 266.4, 267.3, 266.0, 263.3, 260.7, 259.8, 261.1, 263.8, 187.4, 189.0, 192.9, 197.0, 198.6, 197.4, 193.1, 189.1, 183.3, 184.8, 187.8, 192.1, 197.0, 200.8, 203.6, 200.4, 196.2, 192.0, 188.2, 185.2, 191.5, 193.3, 195.1, 195.8, 195.0, 193.2, 191.5, 190.8, 218.8, 220.5, 224.8, 229.2, 231.1, 229.4, 225.1, 220.5, 215.4, 217.3, 220.5, 225.0, 230.0, 234.5, 237.8, 234.6, 230.4, 225.9, 221.7, 218.0, 223.2, 225.2, 227.1, 227.9, 227.0, 225.0, 223.1, 222.3, -71.6, -75.9, -78.0, -76.7, -72.8, -68.2, -66.5, -67.7, -68.3, -71.7, -74.2, -75.6, -75.0, -72.9, -69.6, -68.1, -67.3, -66.7, -66.5, -66.9, -70.1, -69.5, -70.4, -72.3, -74.0, -74.6, -73.7, -71.8, -67.8, -72.2, -74.3, -72.9, -68.8, -64.4, -62.3, -63.4, -64.7, -68.1, -70.5, -71.8, -71.3, -69.8, -67.2, -65.1, -63.7, -63.0, -63.0, -63.4, -66.2, -65.5, -66.5, -68.4, -70.3, -70.9, -70.0, -68.0, 682.4, 683.5, 683.9, 683.3, 682.1, 681.2, 680.6, 681.2, 686.2, 684.2, 682.1, 681.0, 681.5, 682.5, 683.6, 681.8, 680.2, 679.9, 681.1, 683.4, 682.6, 682.3, 682.5, 683.0, 683.5, 683.7, 683.6, 683.1, 617.2, 618.3, 619.3, 619.6, 619.1, 618.0, 616.9, 616.8, 618.1, 617.2, 616.6, 616.8, 618.5, 621.2, 623.7, 620.7, 617.9, 616.1, 615.9, 616.8, 618.2, 618.4, 618.8, 619.3, 619.6, 619.4, 619.0, 618.5, 269.0, -45.4, 821.8, 0.177, 0.351, -0.128, 0.41, 0.12, 0.00, 0.31, 0.00, 0.00, 0.00, 0.00, 0.34, 0.00, 0.00, 0.42, 0.02, 0.00, 0.51, 1.01, 0.02, 0.00, 0.00, 0.00, 1.00, 0.00, 0.00, 0.00, 0.00, 0.00, 0.00, 0.00, 0.00, 0.00, 0.00, 1.00, 1.00, 0.00, 0.00
24, 0, 0.767, 0.98, 1, -0.303344, 0.134136, -0.943393, -0.373142, 0.179348, -0.910274, -0.350, 0.168, 879.8, 881.6, 886.5, 891.8, 894.3, 893.1, 887.7, 882.4, 873.4, 876.1, 880.6, 886.5, 892.5, 897.0, 900.1, 896.7, 891.9, 886.6, 881.4, 876.8, 885.1, 887.4, 889.6, 890.3, 889.2, 886.9, 884.7, 884.0, 949.4, 951.1, 956.4, 962.3, 965.3, 963.6, 958.2, 951.9, 944.2, 947.5, 952.3, 958.5, 964.4, 968.8, 971.8, 969.2, 965.1, 959.9, 954.2, 948.5, 954.9, 957.5, 959.9, 960.6, 959.3, 956.7, 954.3, 953.6, 267.5, 262.2, 259.6, 261.2, 266.1, 271.8, 274.0, 272.4, 272.0, 267.5, 264.2, 262.3, 263.2, 266.1, 270.3, 272.0, 272.7, 273.4, 273.6, 273.4, 269.5, 270.2, 269.1, 266.8, 264.6, 263.9, 265.0, 267.4, 263.1, 257.2, 254.4, 256.5, 262.2, 268.2, 270.9, 269.3, 267.9, 263.1, 259.7, 258.1, 259.1, 261.6, 265.4, 268.0, 269.4, 270.1, 270.0, 269.6, 265.7, 266.6, 265.4, 262.8, 260.2, 259.3, 260.5, 263.2, 188.7, 190.4, 194.3, 198.3, 200.0, 198.8, 194.4, 190.4, 184.7, 186.2, 189.2, 193.5, 198.4, 202.2, 205.0, 201.8, 197.6, 193.4, 189.6, 186.6, 192.9, 194.7, 196.4, 197.1, 196.4, 194.6, 192.9, 192.2, 220.5, 222.2, 226.5, 231.0, 232.9, 231.2, 226.9, 222.2, 216.9, 219.1, 222.4, 227.0, 232.0, 236.3, 239.4, 236.3, 232.2, 227.8, 223.5, 219.7, 224.9, 226.9, 228.8, 229.6, 228.7, 226.7, 224.8, 224.1, -72.8, -77.1, -79.2, -77.8, -73.9, -69.3, -67.5, -68.8, -69.7, -72.9, -75.3, -76.7, -76.0, -73.9, -70.7, -69.2, -68.5, -67.9, -67.8, -68.3, -71.2, -70.6, -71.5, -73.4, -75.2, -75.8, -74.8, -73.0, -69.1, -73.4, -75.6, -74.1, -70.0, -65.6, -63.5, -64.6, -65.7, -69.0, -71.5, -72.7, -72.2, -70.7, -68.3, -66.1, -64.7, -64.0, -64.0, -64.4, -67.4, -66.7, -67.7, -69.6, -71.4, -72.1, -71.1, -69.2, 688.6, 689.6, 689.8, 689.2, 688.1, 687.3, 686.8, 687.4, 692.5, 690.3, 688.2, 687.0, 687.5, 688.5, 689.6, 687.9, 686.4, 686.1, 687.3, 689.6, 688.7, 688.4, 688.6, 689.0, 689.5, 689.8, 689.6, 689.2, 623.7, 624.9, 626.3, 626.9, 626.5, 625.2, 623.9, 623.4, 624.1, 623.4, 623.1, 623.7, 625.7, 628.6, 631.3, 628.2, 625.1, 623.1, 622.5, 623.1, 625.0, 625.3, 625.9, 626.5, 626.7, 626.4, 625.8, 625.2, 269.9, -47.4, 826.9, 0.161, 0.364, -0.123, 0.75, 0.18, 0.00, 0.13, 0.00, 0.00, 0.00, 0.00, 0.35, 0.00, 0.00, 0.40, 0.00, 0.00, 0.47, 0.85, 0.68, 1.00, 0.00, 0.00, 1.00, 0.00, 0.00, 0.00, 0.00, 0.00, 0.00, 0.00, 0.00, 0.00, 0.00, 0.00, 0.00, 0.00, 0.00
25, 0, 0.801, 0.98, 1, -0.129576, 0.203954, -0.970367, -0.398092, 0.292154, -0.869579, -0.279, 0.263, 884.2, 885.5, 889.9, 894.8, 897.4, 896.4, 891.7, 886.8, 875.8, 878.6, 882.8, 888.1, 893.4, 897.6, 900.7, 898.0, 893.5, 888.4, 883.6, 879.1, 889.1, 891.0, 892.8, 893.3, 892.3, 890.3, 888.6, 888.1, 948.4, 950.1, 955.0, 960.3, 962.9, 961.3, 956.3, 950.7, 944.4, 947.5, 951.8, 957.2, 962.5, 966.8, 969.9, 967.1, 963.1, 958.3, 953.1, 948.1, 953.6, 955.9, 958.1, 958.8, 957.7, 955.3, 953.1, 952.4, 269.0, 263.9, 261.3, 262.8, 267.3, 272.7, 274.9, 273.5, 272.1, 269.7, 267.8, 266.3, 266.3, 267.2, 268.8, 270.8, 271.8, 272.8, 273.3, 273.2, 270.4, 270.9, 269.9, 267.9, 266.1, 265.6, 266.6, 268.6, 265.8, 260.4, 257.8, 259.5, 264.5, 269.9, 272.6, 271.3, 268.0, 265.5, 263.7, 262.7, 262.8, 263.4, 264.9, 267.8, 269.8, 270.8, 270.8, 270.1, 267.6, 268.4, 267.2, 264.8, 262.6, 261.9, 263.0, 265.4, 214.4, 215.7, 219.7, 224.2, 226.5, 225.5, 221.1, 216.6, 208.4, 210.1, 213.2, 217.5, 222.4, 226.6, 229.9, 226.9, 222.4, 217.8, 213.9, 210.6, 219.0, 220.8, 222.4, 222.9, 222.0, 220.3, 218.6, 218.1, 255.0, 256.3, 260.4, 264.9, 267.3, 266.0, 261.9, 257.2, 252.3, 254.2, 257.3, 261.7, 266.6, 271.1, 274.9, 271.7, 267.5, 263.0, 258.6, 254.9, 259.7, 261.7, 263.5, 264.1, 263.1, 261.1, 259.3, 258.7, -79.9, -84.4, -86.7, -85.6, -81.5, -76.8, -74.7, -75.9, -77.7, -79.5, -81.0, -82.2, -82.3, -81.6, -80.4, -78.5, -77.4, -76.5, -76.1, -76.4, -78.8, -78.3, -79.3, -81.0, -82.6, -83.1, -82.2, -80.4, -77.9, -82.3, -84.5, -83.2, -79.0, -74.6, -72.4, -73.5, -76.2, -78.1, -79.5, -80.3, -80.3, -80.1, -79.2, -76.5, -74.7, -73.7, -73.7, -74.4, -76.5, -75.9, -76.9, -78.8, -80.7, -81.3, -80.3, -78.3, 768.1, 768.7, 769.4, 769.9, 769.8, 769.6, 768.5, 768.1, 773.3, 770.5, 768.3, 767.2, 767.9, 769.6, 771.5, 769.6, 767.7, 767.3, 768.3, 770.5, 769.4, 769.6, 769.9, 770.1, 770.1, 769.9, 769.6, 769.4, 723.6, 723.3, 723.3, 723.7, 724.2, 724.4, 724.4, 724.3, 725.1, 723.3, 721.9, 721.7, 723.3, 726.0, 729.1, 726.7, 724.4, 722.9, 722.8, 724.0, 724.8, 724.9, 725.0, 724.8, 724.6, 724.5, 724.4, 724.6, 274.5, -49.9, 841.5, 0.130, 0.356, -0.107, 1.10, 0.28, 0.00, 0.06, 0.00, 0.00, 0.00, 0.00, 0.34, 0.00, 0.00, 0.35, 0.00, 0.00, 0.47, 0.51, 1.55, 1.00, 0.00, 0.00, 0.00, 0.00, 0.00, 0.00, 0.00, 0.00, 0.00, 0.00, 0.00, 0.00, 0.00, 0.00, 0.00, 0.00, 1.00
26, 0, 0.834, 0.98, 1, -0.115836, 0.271037, -0.955573, -0.403237, 0.322067, -0.856547, -0.279, 0.316, 885.2, 886.8, 891.4, 896.2, 898.5, 897.1, 892.4, 887.5, 875.3, 879.4, 884.4, 890.1, 895.2, 898.9, 901.4, 899.1, 895.2, 890.1, 884.8, 879.6, 889.7, 891.7, 893.5, 894.2, 893.2, 891.3, 889.4, 888.8, 948.3, 950.2, 955.5, 961.1, 963.7, 961.8, 956.5, 950.5, 944.3, 947.8, 952.5, 958.2, 963.4, 967.5, 970.6, 967.9, 964.1, 959.3, 953.8, 948.3, 953.6, 956.1, 958.5, 959.4, 958.2, 955.7, 953.2, 952.4, 270.5, 265.1, 262.2, 263.7, 268.6, 274.3, 276.9, 275.4, 271.7, 269.7, 268.3, 267.0, 266.8, 267.3, 268.6, 271.5, 273.3, 274.5, 274.6, 273.7, 271.8, 272.4, 271.3, 269.0, 267.1, 266.5, 267.6, 269.8, 266.3, 260.5, 257.8, 259.8, 265.2, 271.0, 273.7, 272.1, 267.4, 265.3, 263.8, 263.0, 263.1, 263.6, 264.9, 267.7, 269.6, 270.6, 270.5, 269.7, 268.5, 269.4, 268.1, 265.5, 263.0, 262.1, 263.4, 266.0, 201.9, 203.2, 207.3, 211.9, 214.2, 213.3, 208.8, 204.2, 194.4, 197.2, 201.1, 205.8, 210.5, 214.4, 217.4, 214.8, 210.8, 206.1, 201.7, 197.6, 206.4, 208.2, 209.9, 210.5, 209.5, 207.7, 206.0, 205.4, 244.9, 246.4, 250.8, 255.5, 257.7, 256.2, 251.8, 246.9, 242.0, 244.3, 247.7, 252.3, 257.1, 261.4, 265.1, 262.0, 257.9, 253.4, 248.8, 244.8, 249.6, 251.7, 253.7, 254.4, 253.4, 251.3, 249.3, 248.6, -73.7, -78.2, -80.6, -79.6, -75.7, -71.1, -68.8, -69.8, -73.0, -74.4, -75.5, -76.5, -76.9, -76.7, -76.0, -73.4, -71.6, -70.5, -70.4, -71.2, -72.9, -72.5, -73.5, -75.3, -76.9, -77.3, -76.3, -74.5, -74.4, -79.0, -81.2, -79.7, -75.4, -70.9, -68.7, -69.9, -73.7, -75.2, -76.3, -76.9, -77.1, -77.0, -76.2, -73.7, -71.9, -70.9, -70.9, -71.7, -72.9, -72.2, -73.2, -75.3, -77.2, -77.9, -76.9, -74.8, 720.5, 720.4, 721.7, 723.6, 725.1, 725.7, 723.9, 722.0, 723.1, 721.0, 719.8, 720.0, 722.0, 724.7, 727.6, 725.4, 722.7, 721.1, 720.9, 721.8, 723.2, 724.0, 724.6, 724.5, 723.9, 723.1, 722.5, 722.6, 695.0, 695.0, 695.5, 696.1, 696.5, 696.5, 696.0, 695.7, 695.8, 694.4, 693.6, 693.9, 695.7, 698.5, 701.7, 699.0, 696.3, 694.4, 693.9, 694.8, 696.4, 696.7, 697.0, 697.0, 696.8, 696.5, 696.3, 696.2, 276.3, -52.2, 845.4, 0.094, 0.348, -0.096, 1.17, 0.16, 0.00, 0.00, 0.00, 0.00, 0.00, 0.00, 0.42, 0.00, 0.00, 0.26, 0.00, 0.00, 0.45, 0.40, 2.28, 1.00, 0.00, 0.00, 0.00, 0.00, 0.00, 0.00, 0.00, 0.00, 0.00, 0.00, 0.00, 0.00, 0.00, 0.00, 0.00, 0.00, 1.00
27, 0, 0.868, 0.98, 1, -0.116403, 0.252778, -0.960496, -0.416645, 0.320420, -0.850728, -0.286, 0.306, 886.4, 888.0, 892.5, 897.3, 899.5, 898.0, 893.3, 888.6, 875.6, 880.2, 885.7, 891.7, 896.8, 900.2, 902.3, 900.2, 896.5, 891.4, 885.9, 880.3, 890.7, 892.6, 894.4, 895.1, 894.2, 892.3, 890.5, 889.8, 949.0, 950.8, 956.1, 961.7, 964.3, 962.5, 957.2, 951.3, 945.5, 948.7, 953.1, 958.7, 964.2, 968.8, 972.5, 969.4, 965.0, 959.9, 954.4, 949.2, 954.5, 957.0, 959.3, 960.2, 959.0, 956.5, 954.1, 953.3, 266.1, 260.4, 257.4, 258.8, 263.8, 269.7, 272.4, 271.1, 267.2, 265.2, 263.8, 262.5, 262.2, 262.8, 264.0, 266.8, 268.6, 269.8, 270.0, 269.2, 267.2, 267.8, 266.6, 264.3, 262.3, 261.8, 263.0, 265.3, 261.4, 255.8, 253.1, 255.1, 260.4, 266.1, 268.7, 267.2, 262.3, 260.4, 259.1, 258.3, 258.2, 258.5, 259.6, 262.6, 264.7, 265.8, 265.7, 264.8, 263.5, 264.3, 263.2, 260.6, 258.2, 257.3, 258.5, 261.1, 194.9, 196.2, 200.2, 204.7, 206.9, 205.9, 201.6, 197.2, 186.9, 190.0, 194.2, 199.1, 203.8, 207.4, 210.1, 207.7, 203.8, 199.2, 194.7, 190.4, 199.2, 201.0, 202.6, 203.1, 202.2, 200.4, 198.8, 198.3, 247.6, 248.9, 252.9, 257.4, 259.6, 258.4, 254.4, 249.8, 245.3, 247.2, 250.2, 254.4, 259.2, 263.7, 267.8, 264.4, 260.2, 255.7, 251.4, 247.8, 252.3, 254.3, 256.1, 256.7, 255.7, 253.7, 251.9, 251.3, -74.3, -78.7, -81.3, -80.5, -76.7, -72.1, -69.7, -70.5, -73.7, -75.0, -76.1, -77.1, -77.6, -77.5, -76.9, -74.4, -72.7, -71.5, -71.2, -71.9, -73.7, -73.4, -74.4, -76.2, -77.7, -78.0, -77.0, -75.2, -79.0, -83.5, -85.5, -84.0, -79.7, -75.2, -73.2, -74.5, -78.5, -79.7, -80.6, -81.2, -81.4, -81.4, -80.9, -78.2, -76.3, -75.3, -75.4, -76.3, -77.5, -76.8, -77.7, -79.7, -81.6, -82.3, -81.4, -79.4, 692.2, 692.1, 693.6, 696.0, 697.8, 698.4, 696.4, 694.0, 694.3, 692.3, 691.4, 692.0, 694.5, 697.6, 700.8, 698.4, 695.4, 693.4, 692.7, 693.2, 695.3, 696.3, 696.9, 696.8, 696.1, 695.2, 694.5, 694.6, 701.3, 700.7, 700.2, 700.1, 700.4, 701.1, 701.6, 702.0, 702.6, 700.6, 699.1, 698.6, 699.6, 701.9, 704.7, 702.5, 700.5, 699.4, 699.6, 701.2, 702.1, 702.0, 701.8, 701.5, 701.4, 701.4, 701.6, 701.9, 274.0, -55.2, 834.9, 0.072, 0.338, -0.093, 1.05, 0.10, 0.00, 0.00, 0.00, 0.00, 0.00, 0.08, 0.52, 0.15, 0.00, 0.18, 0.07, 0.00, 0.58, 0.75, 2.29, 1.00, 0.00, 0.00, 0.00, 0.00, 0.00, 0.00, 0.00, 0.00, 0.00, 0.00, 0.00, 0.00, 0.00, 0.00, 0.00, 0.00, 1.00
28, 0, 0.901, 0.98, 1, -0.168258, 0.191189, -0.967024, -0.325217, 0.267278, -0.907081, -0.257, 0.240, 886.3, 887.5, 891.7, 896.5, 898.9, 897.9, 893.5, 888.7, 876.6, 880.7, 886.0, 891.7, 896.7, 900.0, 902.2, 900.2, 896.7, 891.9, 886.6, 881.2, 890.6, 892.5, 894.2, 894.7, 893.7, 891.8, 890.1, 889.6, 952.3, 953.8, 958.6, 963.8, 966.5, 965.0, 960.2, 954.6, 947.4, 950.7, 955.2, 960.5, 965.3, 969.1, 971.9, 969.6, 966.1, 961.7, 956.5, 951.3, 957.2, 959.5, 961.7, 962.3, 961.1, 958.8, 956.7, 956.0, 259.1, 253.7, 250.7, 251.9, 256.6, 262.3, 265.0, 263.8, 261.4, 259.1, 257.2, 255.7, 255.4, 256.2, 257.6, 260.1, 261.8, 263.0, 263.5, 263.1, 260.2, 260.7, 259.5, 257.3, 255.4, 254.9, 256.1, 258.3, 254.3, 249.0, 246.5, 248.3, 253.3, 258.7, 261.2, 259.8, 256.1, 253.9, 252.3, 251.4, 251.8, 252.7, 254.5, 256.7, 257.9, 258.6, 258.5, 258.0, 256.5, 257.3, 256.2, 253.8, 251.6, 250.8, 251.9, 254.3, 202.4, 203.5, 207.4, 211.8, 214.3, 213.5, 209.3, 204.8, 195.1, 198.0, 202.0, 206.9, 211.7, 215.4, 218.1, 215.7, 211.9, 207.4, 202.8, 198.5, 206.8, 208.6, 210.2, 210.6, 209.6, 207.8, 206.2, 205.8, 263.1, 264.7, 269.3, 274.0, 276.1, 274.4, 269.9, 264.9, 259.2, 261.6, 265.2, 269.9, 274.7, 278.9, 282.5, 279.3, 275.2, 270.7, 266.1, 262.0, 267.7, 269.8, 271.8, 272.6, 271.6, 269.5, 267.5, 266.8, -82.9, -87.4, -90.0, -89.3, -85.6, -80.9, -78.4, -79.2, -81.3, -83.0, -84.4, -85.7, -86.2, -86.0, -85.1, -82.8, -81.1, -79.8, -79.3, -79.7, -82.3, -82.0, -83.1, -84.9, -86.4, -86.7, -85.7, -83.8, -89.0, -93.7, -95.9, -94.5, -90.2, -85.6, -83.3, -84.4, -87.6, -89.3, -90.7, -91.4, -91.4, -90.9, -89.8, -87.6, -86.2, -85.4, -85.3, -85.8, -87.3, -86.7, -87.7, -89.8, -91.7, -92.4, -91.3, -89.3, 719.2, 719.2, 720.7, 722.7, 724.1, 724.5, 722.6, 720.6, 721.6, 719.6, 718.6, 719.1, 721.6, 724.7, 727.7, 725.3, 722.3, 720.4, 719.8, 720.3, 721.9, 722.8, 723.4, 723.4, 722.8, 722.0, 721.4, 721.4, 737.0, 738.2, 739.6, 740.3, 740.0, 738.8, 737.5, 736.8, 737.7, 736.7, 736.3, 736.9, 738.9, 741.7, 744.8, 741.5, 738.4, 736.3, 735.6, 736.4, 738.5, 738.9, 739.5, 740.0, 740.1, 739.8, 739.2, 738.7, 272.6, -58.2, 826.6, 0.081, 0.333, -0.098, 0.73, 0.00, 0.00, 0.00, 0.06, 0.04, 0.00, 0.37, 0.71, 0.39, 0.00, 0.10, 0.16, 0.00, 0.77, 1.35, 1.79, 1.00, 0.00, 0.00, 0.00, 0.00, 0.00, 0.00, 1.00, 0.00, 1.00, 0.00, 0.00, 0.00, 0.00, 1.00, 1.00, 0.00, 1.00
29, 0, 0.934, 0.98, 1, -0.256166, 0.134072, -0.957290, -0.300187, 0.208916, -0.930721, -0.287, 0.180, 885.9, 887.0, 891.4, 896.4, 899.1, 898.3, 893.6, 888.6, 878.7, 881.8, 886.4, 892.0, 897.3, 901.2, 903.8, 901.3, 897.3, 892.5, 887.4, 882.6, 890.7, 892.8, 894.6, 895.1, 894.0, 891.9, 890.0, 889.6, 953.7, 955.3, 959.9, 964.9, 967.3, 965.8, 961.1, 955.8, 948.6, 951.6, 955.7, 960.8, 965.8, 969.8, 972.7, 970.1, 966.3, 961.8, 956.8, 952.1, 958.4, 960.6, 962.7, 963.4, 962.3, 960.1, 958.1, 957.4, 252.5, 247.3, 244.4, 245.6, 250.1, 255.6, 258.2, 257.0, 255.7, 253.1, 251.0, 249.3, 249.1, 250.2, 252.2, 254.6, 256.1, 257.4, 257.8, 257.4, 253.7, 254.2, 253.0, 250.8, 248.9, 248.4, 249.6, 251.8, 247.6, 242.8, 240.7, 242.5, 247.1, 251.9, 254.0, 252.7, 250.7, 248.1, 246.1, 245.1, 245.8, 247.2, 249.5, 251.1, 251.9, 252.2, 252.2, 252.0, 249.9, 250.6, 249.7, 247.6, 245.5, 244.8, 245.7, 247.8, 209.2, 210.2, 214.0, 218.5, 221.1, 220.5, 216.2, 211.7, 204.2, 206.1, 209.5, 214.0, 219.0, 223.1, 226.1, 223.4, 219.3, 214.9, 210.7, 207.0, 213.8, 215.7, 217.3, 217.7, 216.7, 214.8, 213.2, 212.8, 275.8, 277.8, 282.3, 286.7, 288.5, 286.5, 282.0, 277.3, 271.7, 273.9, 277.3, 281.8, 286.7, 291.2, 294.8, 291.2, 286.9, 282.2, 277.8, 274.1, 280.3, 282.2, 284.2, 285.1, 284.3, 282.4, 280.4, 279.5, -91.5, -95.9, -98.4, -97.5, -93.7, -89.1, -86.8, -87.7, -89.2, -91.1, -92.7, -94.0, -94.4, -93.8, -92.4, -90.1, -88.5, -87.4, -87.0, -87.5, -90.7, -90.3, -91.3, -93.2, -94.8, -95.2, -94.1, -92.3, -98.8, -103.2, -105.3, -103.7, -99.5, -95.1, -93.0, -94.2, -96.3, -98.4, -100.1, -100.9, -100.6, -99.6, -97.9, -96.1, -95.0, -94.5, -94.6, -94.8, -96.9, -96.3, -97.2, -99.1, -101.0, -101.7, -100.8, -98.8, 744.6, 744.6, 745.1, 745.9, 746.5, 746.9, 746.1, 745.3, 748.5, 745.9, 743.9, 743.3, 744.9, 747.3, 749.9, 748.0, 745.9, 744.9, 745.2, 746.7, 746.2, 746.6, 746.8, 746.8, 746.5, 746.2, 745.9, 746.0, 769.3, 770.9, 772.2, 772.3, 771.3, 769.6, 768.3, 768.3, 770.3, 769.3, 768.5, 768.7, 770.2, 772.6, 775.2, 771.9, 769.1, 767.4, 767.3, 768.6, 770.1, 770.2, 770.8, 771.5, 771.9, 771.9, 771.3, 770.6, 271.8, -61.6, 821.2, 0.088, 0.337, -0.100, 0.43, 0.00, 0.00, 0.00, 0.19, 0.05, 0.00, 0.62, 0.81, 0.67, 0.00, 0.08, 0.41, 0.00, 1.12, 1.67, 1.19, 1.00, 0.00, 0.00, 0.00, 0.00, 0.00, 0.00, 1.00, 0.00, 1.00, 0.00, 0.00, 0.00, 0.00, 1.00, 1.00, 0.00, 1.00
30, 0, 0.968, 0.98, 1, -0.281488, 0.144040, -0.948692, -0.301021, 0.207268, -0.930820, -0.301, 0.185, 885.9, 887.2, 891.8, 896.9, 899.7, 898.8, 893.8, 888.7, 879.6, 882.6, 887.1, 892.5, 897.8, 901.9, 904.8, 902.0, 897.8, 892.9, 887.9, 883.3, 890.9, 893.2, 895.2, 895.8, 894.6, 892.3, 890.3, 889.7, 954.3, 956.3, 961.5, 966.8, 969.1, 967.1, 962.0, 956.3, 949.4, 952.2, 956.4, 961.8, 967.5, 972.3, 976.0, 972.4, 967.7, 962.5, 957.2, 952.6, 959.6, 961.9, 964.1, 965.0, 964.0, 961.7, 959.5, 958.6, 247.7, 242.7, 240.1, 241.5, 246.0, 251.5, 253.6, 252.2, 251.6, 248.3, 245.8, 244.1, 244.5, 246.3, 249.1, 250.6, 251.2, 251.9, 252.4, 252.5, 249.5, 250.2, 249.0, 246.8, 244.8, 244.2, 245.3, 247.5, 243.5, 238.2, 235.8, 237.7, 242.8, 248.1, 250.4, 249.0, 246.6, 243.6, 241.3, 240.3, 241.2, 242.9, 245.5, 247.0, 247.7, 248.0, 247.9, 247.8, 245.8, 246.6, 245.6, 243.3, 241.1, 240.3, 241.3, 243.6, 210.1, 211.6, 215.8, 220.3, 222.3, 221.2, 216.6, 212.2, 205.5, 207.6, 211.0, 215.5, 220.4, 224.4, 227.3, 224.2, 220.0, 215.5, 211.4, 208.0, 214.6, 216.5, 218.4, 219.1, 218.2, 216.2, 214.4, 213.7, 258.0, 260.0, 264.3, 268.4, 269.9, 267.8, 263.5, 259.2, 254.6, 256.4, 259.2, 263.4, 268.2, 272.8, 276.6, 272.7, 268.1, 263.5, 259.5, 256.5, 262.3, 264.1, 265.9, 266.8, 266.2, 264.4, 262.6, 261.7, -96.0, -100.5, -102.8, -101.6, -97.6, -92.8, -90.8, -92.0, -92.9, -95.6, -97.5, -98.9, -98.7, -97.4, -95.2, -93.7, -92.8, -92.1, -91.8, -91.9, -94.5, -93.9, -95.0, -96.9, -98.7, -99.3, -98.2, -96.2, -95.6, -100.1, -102.1, -100.4, -96.1, -91.7, -89.7, -90.9, -93.3, -95.6, -97.3, -97.9, -97.3, -96.1, -94.2, -92.7, -91.9, -91.5, -91.7, -92.0, -93.8, -93.0, -93.9, -95.8, -97.7, -98.4, -97.6, -95.6, 747.7, 749.1, 750.1, 750.1, 749.0, 747.8, 746.6, 746.6, 750.4, 748.6, 747.2, 746.9, 748.0, 749.6, 751.1, 748.9, 746.7, 745.7, 746.3, 748.0, 748.4, 748.4, 748.8, 749.4, 749.9, 749.9, 749.5, 748.8, 718.1, 719.2, 719.4, 718.7, 717.4, 716.3, 716.1, 717.0, 720.1, 718.5, 716.9, 716.1, 716.6, 718.3, 720.3, 717.8, 715.8, 715.0, 715.8, 717.9, 718.1, 717.8, 717.9, 718.4, 719.0, 719.3, 719.2, 718.7, 269.2, -64.0, 811.6, 0.096, 0.327, -0.094, 0.19, 0.00, 0.00, 0.00, 0.28, 0.05, 0.02, 0.73, 0.86, 0.83, 0.00, 0.06, 0.53, 0.00, 1.35, 1.81, 0.65, 1.00, 0.00, 0.00, 0.00, 0.00, 0.00, 0.00, 1.00, 0.00, 1.00, 1.00, 0.00, 0.00, 0.00, 1.00, 1.00, 0.00, 1.00
31, 0, 1.001, 0.98, 1, -0.251405, 0.149056, -0.956336, -0.320316, 0.185093, -0.929052, -0.294, 0.175, 887.2, 888.5, 893.0, 898.2, 900.9, 899.9, 895.0, 889.9, 880.0, 883.1, 887.7, 893.3, 898.8, 902.7, 905.5, 902.9, 898.7, 893.8, 888.7, 883.8, 892.0, 894.3, 896.3, 896.9, 895.7, 893.4, 891.4, 890.9, 954.7, 956.7, 962.0, 967.4, 969.8, 967.8, 962.5, 956.7, 949.6, 952.7, 957.1, 962.8, 968.4, 973.2, 976.6, 973.2, 968.6, 963.3, 957.9, 953.0, 960.0, 962.4, 964.6, 965.5, 964.5, 962.1, 959.8, 959.0, 243.8, 238.5, 235.7, 237.2, 241.9, 247.5, 250.0, 248.5, 247.2, 244.1, 241.7, 240.0, 240.1, 241.7, 244.4, 246.4, 247.7, 248.7, 249.1, 248.7, 245.4, 246.0, 244.8, 242.5, 240.4, 239.8, 241.0, 243.3, 239.3, 234.1, 231.8, 233.7, 238.8, 244.0, 246.3, 244.9, 242.6, 239.5, 237.2, 236.2, 237.2, 239.2, 242.1, 243.5, 244.1, 244.2, 244.1, 243.9, 241.7, 242.6, 241.6, 239.3, 237.1, 236.3, 237.3, 239.5, 206.4, 207.6, 211.6, 216.1, 218.4, 217.6, 213.2, 208.7, 201.3, 203.3, 206.7, 211.3, 216.2, 220.2, 223.2, 220.4, 216.3, 211.8, 207.7, 204.0, 210.9, 212.9, 214.6, 215.2, 214.1, 212.2, 210.4, 209.9, 251.8, 254.0, 258.5, 262.7, 264.0, 261.8, 257.3, 253.0, 248.3, 250.3, 253.5, 257.8, 262.6, 267.1, 270.7, 266.9, 262.3, 257.7, 253.6, 250.3, 256.2, 258.0, 259.9, 260.9, 260.3, 258.5, 256.5, 255.6, -97.1, -101.5, -103.9, -102.8, -98.9, -94.2, -92.0, -93.1, -94.6, -96.9, -98.7, -100.1, -100.2, -99.1, -97.2, -95.2, -93.9, -92.9, -92.6, -93.1, -95.9, -95.4, -96.4, -98.4, -100.2, -100.6, -99.6, -97.6, -96.6, -101.0, -102.9, -101.3, -97.0, -92.6, -90.7, -92.0, -94.1, -96.5, -98.2, -98.9, -98.2, -96.9, -94.8, -93.3, -92.5, -92.3, -92.5, -92.8, -94.7, -94.0, -94.8, -96.7, -98.5, -99.3, -98.4, -96.5, 730.7, 731.0, 731.8, 732.4, 732.7, 732.6, 731.6, 730.9, 734.1, 731.8, 730.1, 729.7, 731.2, 733.4, 735.6, 733.6, 731.4, 730.4, 730.8, 732.2, 732.1, 732.4, 732.8, 732.9, 732.8, 732.5, 732.2, 732.0, 700.3, 701.8, 702.5, 701.9, 700.4, 698.9, 698.2, 699.0, 701.7, 700.5, 699.4, 698.9, 699.7, 701.6, 703.6, 700.8, 698.5, 697.4, 697.9, 699.7, 700.5, 700.2, 700.5, 701.2, 701.8, 702.0, 701.8, 701.1, 267.8, -66.5, 806.4, 0.095, 0.331, -0.086, 0.08, 0.00, 0.00, 0.00, 0.26, 0.01, 0.04, 0.67, 0.77, 0.80, 0.05, 0.06, 0.60, 0.00, 1.36, 1.78, 0.28, 1.00, 0.00, 0.00, 1.00, 0.00, 0.00, 0.00, 1.00, 1.00, 1.00, 1.00, 0.00, 0.00, 0.00, 1.00, 1.00, 0.00, 1.00
32, 0, 1.034, 0.98, 1, -0.301361, 0.168479, -0.938508, -0.342593, 0.204859, -0.916876, -0.334, 0.199, 886.4, 887.9, 892.8, 898.1, 900.7, 899.6, 894.3, 889.0, 880.5, 883.4, 887.7, 893.0, 898.4, 902.9, 906.2, 903.2, 898.7, 893.7, 888.6, 884.1, 891.5, 893.9, 896.1, 896.8, 895.6, 893.2, 891.0, 890.3, 955.0, 957.1, 962.3, 967.5, 969.8, 967.7, 962.5, 956.9, 950.8, 953.4, 957.3, 962.9, 968.7, 973.8, 977.6, 973.8, 968.9, 963.6, 958.4, 953.9, 960.3, 962.6, 964.9, 965.8, 964.8, 962.5, 960.2, 959.3, 240.0, 234.9, 232.4, 233.8, 238.4, 243.9, 246.0, 244.6, 243.9, 240.2, 237.1, 235.3, 235.8, 238.0, 241.4, 242.7, 243.3, 243.9, 244.5, 244.7, 242.0, 242.7, 241.5, 239.2, 237.2, 236.5, 237.7, 239.9, 236.7, 231.2, 228.8, 230.9, 236.3, 241.8, 244.2, 242.5, 240.0, 236.5, 234.0, 233.1, 234.0, 235.8, 238.6, 240.9, 242.2, 242.7, 242.5, 241.8, 239.1, 240.0, 239.0, 236.5, 234.2, 233.2, 234.3, 236.7, 205.5, 207.3, 211.5, 215.8, 217.5, 216.1, 211.5, 207.3, 201.4, 203.3, 206.5, 210.7, 215.5, 219.5, 222.5, 219.4, 215.1, 210.8, 206.8, 203.6, 209.8, 211.7, 213.7, 214.5, 213.7, 211.8, 209.8, 209.0, 250.6, 252.3, 256.3, 260.2, 261.7, 260.0, 256.0, 252.0, 248.0, 249.4, 251.9, 255.8, 260.5, 265.2, 269.0, 265.2, 260.7, 256.3, 252.6, 249.8, 254.8, 256.5, 258.3, 259.1, 258.4, 256.7, 254.9, 254.1, -100.1, -104.6, -106.8, -105.5, -101.4, -96.7, -94.8, -96.1, -97.2, -100.1, -102.4, -103.9, -103.6, -101.9, -99.2, -97.8, -97.1, -96.4, -96.1, -96.2, -98.4, -97.8, -98.8, -100.8, -102.7, -103.3, -102.3, -100.2, -98.1, -102.5, -104.3, -102.5, -98.2, -93.8, -91.9, -93.4, -95.8, -98.3, -100.0, -100.6, -99.9, -98.7, -96.7, -94.6, -93.4, -92.9, -93.3, -94.1, -96.2, -95.4, -96.2, -98.2, -100.1, -100.9, -100.1, -98.1, 729.8, 731.4, 732.1, 731.5, 730.0, 728.5, 727.6, 728.3, 732.7, 731.1, 729.5, 728.9, 729.5, 730.5, 731.5, 729.4, 727.6, 726.9, 727.8, 729.9, 729.9, 729.7, 730.0, 730.7, 731.4, 731.7, 731.4, 730.6, 696.2, 696.4, 695.9, 695.1, 694.4, 694.2, 694.7, 695.8, 698.3, 696.3, 694.4, 693.1, 693.5, 695.2, 697.3, 695.3, 693.7, 693.2, 694.2, 696.3, 696.2, 695.9, 695.6, 695.7, 696.0, 696.4, 696.6, 696.5, 265.4, -68.1, 799.3, 0.104, 0.330, -0.080, 0.00, 0.00, 0.00, 0.00, 0.22, 0.00, 0.09, 0.68, 0.71, 0.72, 0.12, 0.00, 0.43, 0.00, 1.27, 1.89, 0.13, 1.00, 0.00, 0.00, 1.00, 1.00, 0.00, 0.00, 1.00, 1.00, 0.00, 1.00, 0.00, 0.00, 0.00, 1.00, 1.00, 0.00, 1.00
33, 0, 1.068, 0.98, 1, -0.287593, 0.147623, -0.946307, -0.346539, 0.174187, -0.921721, -0.327, 0.171, 886.6, 888.1, 892.9, 898.2, 900.8, 899.6, 894.4, 889.2, 880.6, 883.3, 887.5, 892.8, 898.3, 902.7, 906.0, 903.0, 898.5, 893.6, 888.5, 884.0, 891.7, 894.0, 896.2, 896.9, 895.7, 893.4, 891.2, 890.5, 954.5, 956.5, 961.8, 967.3, 969.8, 967.8, 962.5, 956.6, 949.7, 952.8, 957.4, 963.3, 968.9, 973.4, 976.4, 973.4, 969.1, 964.1, 958.7, 953.6, 959.7, 962.2, 964.6, 965.4, 964.3, 961.9, 959.5, 958.6, 237.2, 232.2, 229.6, 231.1, 235.6, 241.1, 243.2, 241.7, 241.4, 237.5, 234.4, 232.6, 233.1, 235.3, 238.8, 240.3, 240.9, 241.6, 242.2, 242.3, 239.2, 239.8, 238.7, 236.4, 234.4, 233.7, 234.9, 237.1, 233.9, 228.5, 226.3, 228.4, 233.7, 239.1, 241.4, 239.7, 237.9, 234.1, 231.4, 230.3, 231.5, 233.8, 237.2, 239.0, 239.7, 240.0, 239.8, 239.4, 236.6, 237.6, 236.5, 234.1, 231.8, 230.8, 231.8, 234.2, 205.8, 207.6, 211.8, 216.0, 217.7, 216.3, 211.7, 207.6, 201.7, 203.5, 206.6, 210.8, 215.5, 219.5, 222.5, 219.4, 215.1, 210.8, 206.9, 203.8, 210.1, 212.0, 213.9, 214.7, 213.9, 212.0, 210.1, 209.4, 243.4, 245.4, 249.9, 254.2, 255.8, 253.7, 249.2, 244.7, 239.8, 242.0, 245.3, 249.9, 254.8, 259.1, 262.4, 258.9, 254.6, 250.1, 245.8, 242.3, 247.7, 249.6, 251.6, 252.5, 251.8, 249.9, 247.9, 247.0, -102.6, -107.0, -109.2, -107.9, -103.8, -99.1, -97.3, -98.5, -99.4, -102.5, -104.8, -106.3, -105.9, -104.2, -101.4, -99.9, -99.1, -98.4, -98.1, -98.3, -100.9, -100.3, -101.3, -103.3, -105.1, -105.7, -104.7, -102.7, -97.6, -102.0, -103.9, -102.2, -97.9, -93.5, -91.6, -93.0, -94.5, -97.4, -99.4, -100.3, -99.5, -98.1, -95.7, -94.0, -93.0, -92.6, -92.8, -93.2, -95.6, -94.9, -95.7, -97.7, -99.6, -100.3, -99.5, -97.5, 730.5, 732.1, 732.7, 732.1, 730.5, 729.1, 728.3, 728.9, 733.6, 732.0, 730.3, 729.6, 730.1, 731.0, 731.9, 729.9, 728.1, 727.5, 728.5, 730.8, 730.6, 730.3, 730.6, 731.3, 732.0, 732.3, 732.0, 731.3, 677.1, 678.6, 679.6, 679.6, 678.6, 677.1, 676.1, 676.2, 677.6, 676.8, 676.2, 676.3, 677.8, 680.1, 682.4, 679.4, 676.7, 675.1, 675.0, 676.2, 677.8, 677.8, 678.3, 678.9, 679.4, 679.4, 679.0, 678.3, 265.0, -70.1, 799.0, 0.101, 0.333, -0.076, 0.00, 0.00, 0.00, 0.00, 0.25, 0.00, 0.10, 0.77, 0.71, 0.59, 0.25, 0.00, 0.35, 0.00, 1.13, 1.79, 0.00, 1.00, 0.00, 0.00, 1.00, 0.00, 0.00, 0.00, 1.00, 1.00, 0.00, 1.00, 0.00, 0.00, 0.00, 1.00, 1.00, 0.00, 1.00
34, 0, 1.101, 0.98, 1, -0.318429, 0.173094, -0.932010, -0.354874, 0.188856, -0.915641, -0.349, 0.193, 886.1, 887.7, 892.5, 897.7, 900.3, 899.0, 893.8, 888.6, 880.2, 883.2, 887.6, 893.1, 898.6, 902.9, 906.1, 903.0, 898.5, 893.4, 888.3, 883.8, 891.2, 893.5, 895.6, 896.4, 895.2, 892.9, 890.8, 890.1, 954.0, 956.0, 961.3, 966.7, 969.1, 967.1, 961.8, 956.0, 949.4, 952.4, 956.9, 962.7, 968.4, 972.9, 976.0, 972.8, 968.5, 963.4, 958.1, 953.1, 959.2, 961.6, 964.0, 964.9, 963.8, 961.4, 959.0, 958.1, 235.1, 230.2, 227.8, 229.3, 233.7, 239.0, 241.0, 239.6, 239.2, 235.2, 232.1, 230.3, 231.0, 233.4, 236.9, 238.1, 238.4, 239.0, 239.6, 239.8, 237.1, 237.8, 236.7, 234.5, 232.6, 231.9, 233.0, 235.2, 232.0, 226.6, 224.3, 226.4, 231.7, 237.1, 239.4, 237.8, 235.8, 232.0, 229.4, 228.3, 229.5, 231.7, 235.1, 236.9, 237.8, 238.1, 237.9, 237.4, 234.6, 235.5, 234.5, 232.1, 229.7, 228.8, 229.8, 232.2, 205.2, 207.0, 211.3, 215.4, 217.0, 215.5, 210.9, 206.7, 201.0, 203.1, 206.4, 210.8, 215.6, 219.5, 222.3, 219.1, 214.7, 210.3, 206.4, 203.2, 209.4, 211.2, 213.1, 214.0, 213.3, 211.4, 209.5, 208.7, 246.5, 248.5, 252.9, 257.1, 258.7, 256.6, 252.2, 247.8, 243.2, 245.2, 248.4, 252.8, 257.8, 262.2, 265.5, 261.9, 257.6, 253.1, 249.0, 245.6, 250.8, 252.7, 254.6, 255.5, 254.9, 253.0, 251.0, 250.1, -104.1, -108.5, -110.6, -109.3, -105.3, -100.6, -98.9, -100.2, -101.1, -104.2, -106.6, -108.0, -107.6, -105.7, -102.9, -101.6, -101.0, -100.4, -100.1, -100.2, -102.4, -101.9, -102.8, -104.7, -106.5, -107.1, -106.1, -104.2, -100.5, -104.9, -106.8, -105.1, -100.8, -96.4, -94.5, -95.9, -97.6, -100.4, -102.4, -103.2, -102.5, -101.0, -98.7, -96.8, -95.8, -95.4, -95.6, -96.2, -98.5, -97.8, -98.6, -100.6, -102.5, -103.3, -102.4, -100.5, 729.5, 731.4, 732.1, 731.4, 729.6, 727.9, 727.0, 727.7, 732.2, 730.7, 729.3, 728.8, 729.4, 730.4, 731.2, 728.9, 727.0, 726.3, 727.2, 729.3, 729.5, 729.2, 729.5, 730.3, 731.1, 731.4, 731.1, 730.3, 687.0, 688.2, 688.9, 688.6, 687.7, 686.5, 685.8, 686.2, 687.8, 686.7, 685.8, 685.6, 686.9, 689.1, 691.4, 688.6, 686.1, 684.7, 684.8, 686.2, 687.5, 687.4, 687.7, 688.3, 688.7, 688.8, 688.5, 688.0, 264.8, -72.2, 799.9, 0.119, 0.341, -0.080, 0.03, 0.00, 0.00, 0.00, 0.34, 0.00, 0.09, 0.79, 0.75, 0.55, 0.37, 0.00, 0.34, 0.00, 1.07, 1.76, 0.00, 1.00, 0.00, 0.00, 1.00, 0.00, 0.00, 0.00, 1.00, 1.00, 0.00, 1.00, 0.00, 0.00, 0.00, 1.00, 1.00, 0.00, 1.00
35, 0, 1.134, 0.98, 1, -0.319515, 0.141631, -0.936937, -0.344143, 0.170805, -0.923250, -0.343, 0.166, 885.0, 886.6, 891.6, 896.9, 899.5, 898.3, 892.9, 887.6, 879.0, 882.0, 886.5, 892.2, 898.0, 902.4, 905.5, 902.4, 897.7, 892.4, 887.3, 882.6, 890.2, 892.6, 894.8, 895.5, 894.3, 892.0, 889.8, 889.1, 953.2, 955.0, 960.4, 966.1, 968.8, 967.0, 961.7, 955.5, 948.3, 951.5, 956.1, 962.1, 967.7, 972.1, 975.1, 972.3, 968.2, 963.2, 957.7, 952.4, 958.5, 961.1, 963.5, 964.4, 963.1, 960.5, 958.1, 957.2, 233.5, 228.4, 225.9, 227.4, 232.1, 237.6, 239.7, 238.2, 237.9, 233.8, 230.7, 228.8, 229.5, 232.0, 235.5, 237.1, 237.7, 238.4, 238.8, 238.9, 235.6, 236.2, 235.1, 232.9, 230.8, 230.2, 231.3, 233.5, 230.3, 224.9, 222.6, 224.8, 230.2, 235.6, 237.9, 236.3, 234.8, 230.6, 227.6, 226.4, 227.6, 230.1, 233.7, 235.4, 236.1, 236.4, 236.3, 236.1, 233.2, 234.2, 233.1, 230.7, 228.2, 227.2, 228.2, 230.7, 197.8, 199.6, 203.8, 207.9, 209.5, 208.1, 203.6, 199.5, 193.8, 195.7, 198.9, 203.4, 208.2, 212.1, 214.9, 211.8, 207.4, 203.0, 199.1, 195.9, 202.1, 203.9, 205.7, 206.5, 205.8, 204.0, 202.1, 201.4, 235.6, 237.7, 242.2, 246.7, 248.3, 246.2, 241.7, 237.0, 232.0, 234.2, 237.6, 242.3, 247.1, 251.4, 254.5, 251.2, 247.0, 242.5, 238.3, 234.6, 240.0, 242.0, 244.0, 245.0, 244.2, 242.2, 240.1, 239.2, -102.1, -106.5, -108.6, -107.3, -103.3, -98.6, -96.8, -98.1, -99.0, -102.1, -104.4, -105.8, -105.3, -103.5, -100.8, -99.2, -98.4, -97.8, -97.6, -97.8, -100.5, -99.9, -100.8, -102.7, -104.5, -105.1, -104.1, -102.2, -97.6, -101.9, -103.9, -102.3, -98.0, -93.6, -91.7, -93.0, -94.2, -97.3, -99.5, -100.5, -99.9, -98.3, -95.9, -94.2, -93.3, -92.8, -92.8, -93.1, -95.5, -94.8, -95.7, -97.7, -99.6, -100.4, -99.5, -97.5, 706.5, 708.1, 708.7, 708.0, 706.5, 705.0, 704.3, 705.0, 709.4, 707.7, 706.2, 705.5, 706.2, 707.3, 708.3, 706.1, 704.2, 703.6, 704.5, 706.7, 706.6, 706.3, 706.5, 707.2, 707.9, 708.2, 708.0, 707.3, 658.4, 660.2, 661.6, 661.8, 660.7, 658.9, 657.4, 657.3, 658.3, 657.9, 657.8, 658.2, 659.8, 662.3, 664.5, 661.4, 658.5, 656.6, 656.2, 657.1, 659.2, 659.3, 660.0, 660.8, 661.3, 661.2, 660.6, 659.8, 264.2, -73.8, 800.9, 0.105, 0.336, -0.072, 0.08, 0.00, 0.00, 0.00, 0.32, 0.00, 0.09, 0.77, 0.73, 0.51, 0.40, 0.00, 0.42, 0.00, 1.01, 1.76, 0.00, 1.00, 0.00, 0.00, 1.00, 0.00, 0.00, 0.00, 1.00, 1.00, 0.00, 1.00, 0.00, 0.00, 0.00, 1.00, 1.00, 0.00, 0.00
36, 0, 1.168, 0.98, 1, -0.316894, 0.130215, -0.939480, -0.348378, 0.164181, -0.922864, -0.343, 0.157, 884.0, 885.7, 890.7, 896.1, 898.6, 897.2, 891.8, 886.5, 878.3, 881.1, 885.5, 891.1, 896.9, 901.4, 904.7, 901.4, 896.5, 891.3, 886.1, 881.6, 889.2, 891.6, 893.9, 894.7, 893.5, 891.1, 888.9, 888.1, 952.1, 954.0, 959.4, 965.2, 967.8, 965.9, 960.4, 954.3, 947.3, 950.5, 955.1, 961.0, 966.7, 971.2, 974.3, 971.3, 967.1, 962.0, 956.6, 951.4, 957.4, 960.0, 962.5, 963.4, 962.2, 959.6, 957.1, 956.2, 232.4, 227.2, 224.6, 226.1, 230.9, 236.5, 238.6, 237.1, 236.7, 232.6, 229.5, 227.7, 228.4, 230.9, 234.6, 236.1, 236.7, 237.3, 237.7, 237.7, 234.5, 235.1, 234.0, 231.7, 229.5, 228.9, 230.0, 232.3, 229.3, 223.7, 221.4, 223.6, 229.0, 234.6, 237.0, 235.3, 233.6, 229.5, 226.6, 225.4, 226.5, 228.8, 232.2, 234.1, 235.0, 235.4, 235.3, 235.0, 232.1, 233.1, 232.0, 229.5, 227.0, 226.0, 227.1, 229.6, 195.9, 197.7, 201.8, 205.8, 207.4, 205.9, 201.4, 197.5, 192.2, 194.0, 197.0, 201.2, 206.0, 209.9, 212.7, 209.5, 205.2, 200.8, 197.1, 194.1, 200.1, 201.9, 203.7, 204.5, 203.8, 202.0, 200.2, 199.4, 236.4, 238.4, 242.9, 247.3, 248.9, 246.9, 242.4, 237.7, 232.9, 235.0, 238.3, 242.9, 247.7, 252.1, 255.3, 251.9, 247.7, 243.2, 239.0, 235.5, 240.7, 242.7, 244.8, 245.7, 244.9, 242.9, 240.9, 240.0, -102.5, -106.9, -109.0, -107.6, -103.6, -98.9, -97.1, -98.5, -99.5, -102.5, -104.7, -106.0, -105.5, -103.6, -100.8, -99.3, -98.6, -98.1, -97.9, -98.2, -100.8, -100.2, -101.1, -103.1, -104.9, -105.5, -104.5, -102.6, -99.0, -103.4, -105.4, -103.8, -99.4, -95.0, -93.0, -94.3, -95.8, -98.8, -100.9, -101.9, -101.3, -99.9, -97.6, -95.7, -94.7, -94.1, -94.2, -94.5, -97.0, -96.2, -97.1, -99.2, -101.1, -101.9, -101.0, -99.0, 702.7, 704.1, 704.4, 703.4, 701.8, 700.5, 700.1, 701.0, 706.0, 704.1, 702.2, 701.2, 701.5, 702.3, 703.2, 701.3, 699.7, 699.4, 700.6, 703.0, 702.4, 702.0, 702.2, 702.8, 703.5, 703.9, 703.8, 703.2, 662.7, 664.3, 665.4, 665.5, 664.5, 663.0, 661.8, 661.9, 663.0, 662.3, 661.9, 662.0, 663.5, 665.9, 668.2, 665.3, 662.5, 660.8, 660.6, 661.7, 663.5, 663.6, 664.1, 664.8, 665.2, 665.2, 664.7, 664.0, 265.2, -76.2, 806.6, 0.086, 0.328, -0.062, 0.21, 0.00, 0.00, 0.00, 0.23, 0.00, 0.09, 0.72, 0.77, 0.39, 0.27, 0.00, 0.36, 0.00, 1.10, 1.88, 0.00, 1.00, 0.00, 0.00, 1.00, 0.00, 0.00, 0.00, 1.00, 1.00, 0.00, 1.00, 0.00, 0.00, 0.00, 1.00, 1.00, 0.00, 0.00
37, 0, 1.201, 0.98, 1, -0.321002, 0.121893, -0.939202, -0.337033, 0.142637, -0.930625, -0.338, 0.141, 883.5, 885.4, 890.4, 895.7, 898.1, 896.6, 891.1, 885.9, 878.0, 880.7, 885.0, 890.6, 896.4, 900.9, 904.2, 900.8, 895.9, 890.7, 885.6, 881.2, 888.7, 891.1, 893.3, 894.2, 893.1, 890.7, 888.5, 887.6, 951.7, 953.3, 958.4, 964.0, 967.0, 965.4, 960.3, 954.2, 946.7, 949.9, 954.6, 960.5, 965.7, 969.4, 971.9, 969.8, 966.5, 961.9, 956.5, 951.1, 956.7, 959.4, 961.7, 962.5, 961.1, 958.5, 956.1, 955.4, 231.3, 226.2, 223.6, 225.1, 229.8, 235.3, 237.4, 235.9, 235.6, 231.5, 228.3, 226.5, 227.3, 229.8, 233.5, 235.0, 235.6, 236.2, 236.6, 236.6, 233.4, 234.1, 232.9, 230.6, 228.5, 227.8, 229.0, 231.3, 227.9, 222.3, 220.1, 222.6, 228.2, 233.8, 236.0, 234.1, 232.7, 228.3, 225.3, 224.1, 225.3, 227.9, 231.5, 233.3, 234.1, 234.4, 234.3, 234.0, 231.0, 232.2, 231.1, 228.5, 225.9, 224.8, 225.8, 228.4, 195.7, 197.7, 201.8, 205.7, 207.1, 205.5, 201.0, 197.2, 192.2, 193.9, 196.9, 201.0, 205.7, 209.5, 212.4, 209.1, 204.7, 200.5, 196.8, 194.0, 199.8, 201.6, 203.4, 204.3, 203.7, 201.9, 200.1, 199.2, 229.2, 231.1, 235.7, 240.3, 242.2, 240.3, 235.7, 230.8, 225.3, 227.7, 231.3, 236.1, 240.8, 244.7, 247.5, 244.7, 240.9, 236.6, 232.3, 228.3, 233.5, 235.6, 237.8, 238.6, 237.8, 235.6, 233.5, 232.6, -103.5, -107.8, -109.9, -108.5, -104.5, -99.8, -98.1, -99.5, -100.5, -103.5, -105.8, -107.1, -106.5, -104.5, -101.6, -100.2, -99.5, -99.0, -98.9, -99.2, -101.7, -101.1, -102.1, -104.0, -105.8, -106.4, -105.5, -103.5, -97.1, -101.6, -103.6, -101.9, -97.6, -93.2, -91.2, -92.5, -93.5, -96.7, -99.0, -100.1, -99.6, -98.2, -95.8, -94.0, -92.9, -92.3, -92.2, -92.5, -95.1, -94.3, -95.2, -97.3, -99.3, -100.0, -99.1, -97.1, 703.5, 705.0, 705.2, 704.0, 702.2, 700.8, 700.5, 701.6, 706.7, 704.9, 703.0, 701.9, 702.0, 702.7, 703.3, 701.5, 700.0, 699.8, 701.1, 703.7, 703.0, 702.5, 702.6, 703.3, 704.1, 704.6, 704.5, 703.9, 643.4, 645.5, 647.7, 648.8, 648.1, 646.0, 643.8, 642.7, 642.7, 642.8, 643.3, 644.6, 646.9, 650.0, 652.5, 649.2, 645.7, 643.2, 642.1, 642.2, 645.1, 645.6, 646.6, 647.6, 647.9, 647.4, 646.4, 645.4, 269.8, -80.2, 823.3, 0.079, 0.329, -0.052, 0.43, 0.22, 0.00, 0.00, 0.10, 0.00, 0.08, 0.71, 0.86, 0.34, 0.48, 0.00, 0.21, 0.00, 1.08, 1.31, 0.00, 1.00, 0.00, 0.00, 1.00, 0.00, 0.00, 0.00, 1.00, 1.00, 0.00, 1.00, 0.00, 0.00, 0.00, 1.00, 1.00, 0.00, 0.00
38, 0, 1.235, 0.98, 1, -0.339254, 0.111011, -0.934122, -0.345860, 0.127905, -0.929528, -0.352, 0.128, 883.0, 884.9, 889.8, 894.9, 897.2, 895.7, 890.3, 885.2, 877.9, 880.4, 884.4, 889.9, 895.8, 900.3, 903.6, 900.1, 895.0, 889.8, 884.9, 880.8, 888.2, 890.4, 892.5, 893.4, 892.4, 890.2, 888.0, 887.2, 951.3, 953.2, 958.6, 964.2, 966.9, 965.1, 959.7, 953.6, 946.3, 949.5, 954.2, 960.2, 965.8, 969.9, 972.7, 970.0, 966.1, 961.3, 955.8, 950.4, 956.5, 959.1, 961.5, 962.4, 961.2, 958.6, 956.2, 955.3, 229.8, 224.6, 222.0, 223.5, 228.3, 234.0, 236.1, 234.6, 233.8, 229.8, 226.8, 225.0, 225.7, 228.1, 231.7, 233.3, 233.9, 234.6, 235.0, 234.9, 231.8, 232.4, 231.3, 229.1, 227.0, 226.3, 227.4, 229.7, 227.3, 221.8, 219.5, 221.9, 227.5, 233.1, 235.3, 233.5, 231.7, 227.4, 224.5, 223.4, 224.7, 227.2, 230.9, 232.6, 233.4, 233.7, 233.5, 233.1, 230.3, 231.4, 230.4, 227.9, 225.3, 224.2, 225.3, 227.8, 197.8, 199.6, 203.6, 207.3, 208.7, 207.3, 203.0, 199.2, 194.7, 196.1, 198.8, 202.8, 207.5, 211.4, 214.3, 210.9, 206.5, 202.3, 198.8, 196.2, 201.9, 203.5, 205.3, 206.0, 205.4, 203.8, 202.1, 201.3, 233.0, 235.0, 239.7, 244.2, 245.9, 243.8, 239.2, 234.4, 229.2, 231.5, 235.0, 239.7, 244.6, 248.7, 251.7, 248.5, 244.5, 240.1, 235.7, 232.0, 237.4, 239.4, 241.5, 242.4, 241.6, 239.6, 237.5, 236.6, -106.0, -110.4, -112.5, -111.0, -106.9, -102.2, -100.4, -101.9, -103.3, -106.3, -108.3, -109.5, -109.0, -107.1, -104.3, -102.8, -102.1, -101.6, -101.5, -102.0, -104.3, -103.7, -104.6, -106.5, -108.3, -108.9, -108.0, -106.1, -99.3, -103.7, -105.7, -104.0, -99.6, -95.2, -93.3, -94.6, -96.0, -99.1, -101.3, -102.2, -101.6, -100.1, -97.7, -95.9, -94.9, -94.4, -94.5, -94.8, -97.3, -96.5, -97.4, -99.4, -101.3, -102.1, -101.2, -99.2, 712.5, 713.4, 713.2, 711.8, 710.2, 709.3, 709.5, 710.8, 716.3, 714.0, 711.7, 710.1, 710.0, 710.6, 711.3, 709.7, 708.6, 708.7, 710.4, 713.2, 711.9, 711.3, 711.2, 711.6, 712.3, 712.9, 713.0, 712.6, 654.9, 656.7, 658.3, 658.9, 658.0, 656.3, 654.6, 654.2, 654.8, 654.4, 654.4, 655.1, 656.9, 659.6, 662.0, 658.9, 655.9, 653.8, 653.2, 653.8, 656.1, 656.4, 657.1, 657.9, 658.3, 658.1, 657.3, 656.5, 271.8, -84.2, 833.0, 0.032, 0.343, -0.026, 0.72, 0.58, 0.00, 0.00, 0.03, 0.00, 0.03, 0.61, 0.84, 0.30, 0.78, 0.18, 0.05, 0.02, 0.76, 0.66, 0.00, 1.00, 0.00, 0.00, 1.00, 0.00, 0.00, 0.00, 1.00, 1.00, 0.00, 1.00, 0.00, 0.00, 0.00, 1.00, 1.00, 0.00, 0.00
39, 0, 1.268, 0.98, 1, -0.345592, 0.062258, -0.936317, -0.356739, 0.111711, -0.927501, -0.360, 0.093, 882.4, 884.4, 889.5, 894.6, 896.9, 895.3, 889.8, 884.6, 877.6, 879.7, 883.5, 889.0, 895.2, 900.1, 903.7, 899.7, 894.4, 888.9, 884.1, 880.2, 887.8, 890.0, 892.3, 893.2, 892.2, 889.9, 887.7, 886.8, 950.8, 953.1, 958.8, 964.6, 967.1, 964.9, 959.2, 952.9, 946.0, 949.1, 953.8, 959.9, 965.8, 970.7, 974.0, 970.6, 966.0, 960.6, 955.0, 949.9, 956.3, 959.0, 961.7, 962.7, 961.5, 958.8, 956.1, 955.1, 228.3, 222.7, 220.0, 221.7, 226.9, 232.9, 235.2, 233.5, 232.6, 228.6, 225.7, 223.8, 224.4, 226.7, 230.3, 232.1, 232.9, 233.7, 234.1, 233.9, 230.4, 231.2, 230.0, 227.6, 225.3, 224.5, 225.7, 228.2, 226.8, 221.0, 218.6, 220.9, 226.7, 232.6, 235.0, 233.1, 231.1, 226.8, 223.9, 222.8, 223.9, 226.2, 229.6, 231.6, 232.6, 233.0, 232.9, 232.5, 229.8, 230.9, 229.8, 227.0, 224.3, 223.2, 224.4, 227.1, 187.3, 189.0, 192.6, 196.1, 197.4, 196.1, 192.1, 188.6, 184.8, 185.7, 187.8, 191.4, 196.0, 199.9, 202.8, 199.5, 195.2, 191.2, 188.1, 186.0, 191.2, 192.7, 194.3, 195.1, 194.5, 193.0, 191.3, 190.6, 230.5, 232.5, 237.0, 241.3, 242.9, 240.8, 236.3, 231.8, 227.2, 229.1, 232.3, 236.7, 241.5, 246.0, 249.3, 245.8, 241.4, 237.0, 232.9, 229.6, 234.7, 236.8, 238.9, 239.8, 239.1, 237.1, 235.0, 234.0, -101.8, -106.2, -108.1, -106.5, -102.3, -97.6, -95.9, -97.5, -99.1, -101.8, -103.6, -104.7, -104.2, -102.4, -99.8, -98.2, -97.5, -97.0, -97.0, -97.7, -100.0, -99.3, -100.1, -102.1, -103.9, -104.6, -103.8, -101.8, -98.7, -103.2, -105.1, -103.4, -98.9, -94.5, -92.6, -94.0, -95.7, -98.7, -100.7, -101.5, -100.9, -99.5, -97.3, -95.5, -94.4, -93.8, -94.0, -94.5, -96.6, -95.8, -96.7, -98.8, -100.9, -101.7, -100.8, -98.7, 676.1, 676.5, 675.6, 674.0, 672.5, 672.1, 672.9, 674.6, 680.7, 677.9, 674.9, 672.7, 672.1, 672.4, 673.1, 672.0, 671.4, 672.1, 674.3, 677.4, 675.2, 674.4, 674.0, 674.2, 674.9, 675.6, 676.0, 675.8, 648.8, 649.9, 650.5, 650.4, 649.6, 648.6, 647.9, 648.2, 649.7, 648.6, 647.7, 647.5, 648.6, 650.9, 653.1, 650.5, 648.1, 646.7, 646.9, 648.2, 649.5, 649.4, 649.7, 650.2, 650.6, 650.7, 650.4, 649.9, 271.8, -86.3, 833.4, -0.020, 0.351, -0.010, 0.97, 0.92, 0.00, 0.04, 0.00, 0.00, 0.00, 0.45, 0.73, 0.23, 1.19, 0.34, 0.00, 0.03, 0.30, 0.00, 0.00, 1.00, 1.00, 0.00, 1.00, 0.00, 0.00, 0.00, 1.00, 0.00, 1.00, 1.00, 1.00, 0.00, 0.00, 0.00, 0.00, 0.00, 0.00
40, 0, 1.301, 0.98, 1, -0.351524, 0.078220, -0.932905, -0.371959, 0.106282, -0.922145, -0.372, 0.099, 882.5, 884.5, 889.5, 894.6, 896.8, 895.3, 889.8, 884.7, 877.6, 879.8, 883.7, 889.2, 895.3, 899.9, 903.3, 899.5, 894.3, 888.9, 884.1, 880.2, 887.8, 890.0, 892.2, 893.1, 892.1, 889.9, 887.7, 886.8, 950.7, 953.0, 958.8, 964.7, 967.3, 965.0, 959.1, 952.8, 945.9, 949.2, 954.0, 960.3, 966.2, 970.8, 974.0, 970.7, 966.3, 961.0, 955.3, 950.0, 956.1, 958.9, 961.7, 962.7, 961.5, 958.7, 956.0, 954.9, 227.6, 222.2, 219.5, 221.2, 226.2, 232.1, 234.3, 232.6, 231.6, 227.5, 224.6, 222.8, 223.5, 226.0, 229.8, 231.4, 232.1, 232.8, 233.1, 232.9, 229.7, 230.5, 229.3, 226.9, 224.7, 224.0, 225.1, 227.5, 226.0, 220.1, 217.7, 220.3, 226.2, 232.1, 234.5, 232.5, 230.5, 226.0, 223.1, 222.1, 223.3, 225.7, 229.3, 231.2, 232.2, 232.6, 232.4, 231.9, 229.2, 230.4, 229.2, 226.4, 223.6, 222.4, 223.6, 226.4, 191.7, 193.5, 197.3, 200.8, 202.1, 200.8, 196.6, 193.0, 189.0, 190.1, 192.4, 196.2, 200.8, 204.6, 207.4, 204.1, 199.8, 195.7, 192.5, 190.2, 195.6, 197.2, 198.9, 199.7, 199.1, 197.5, 195.9, 195.1, 225.5, 227.6, 232.1, 236.5, 238.1, 236.0, 231.4, 226.8, 222.1, 224.3, 227.6, 232.1, 237.0, 241.3, 244.4, 241.1, 236.8, 232.4, 228.2, 224.7, 229.7, 231.8, 234.0, 235.0, 234.2, 232.1, 230.0, 229.0, -104.7, -109.0, -111.1, -109.5, -105.3, -100.6, -98.9, -100.5, -102.1, -105.0, -106.9, -108.1, -107.4, -105.5, -102.6, -101.1, -100.5, -100.0, -100.1, -100.7, -102.9, -102.2, -103.1, -105.0, -106.9, -107.5, -106.7, -104.7, -97.2, -101.7, -103.6, -101.8, -97.3, -92.9, -91.0, -92.5, -94.1, -97.2, -99.2, -100.0, -99.3, -97.9, -95.7, -93.9, -92.8, -92.2, -92.4, -92.9, -95.1, -94.2, -95.1, -97.2, -99.3, -100.2, -99.3, -97.2, 691.8, 692.5, 691.8, 690.3, 688.7, 688.1, 688.6, 690.2, 696.1, 693.6, 690.9, 688.9, 688.4, 688.8, 689.4, 688.2, 687.4, 687.9, 689.9, 692.9, 691.0, 690.3, 690.0, 690.3, 691.0, 691.7, 692.0, 691.7, 635.1, 636.2, 637.1, 637.3, 636.6, 635.5, 634.6, 634.5, 635.5, 634.6, 634.1, 634.2, 635.6, 638.1, 640.5, 637.8, 635.1, 633.5, 633.3, 634.3, 636.0, 636.0, 636.5, 637.0, 637.4, 637.3, 636.8, 636.3, 270.8, -86.6, 831.1, -0.019, 0.358, -0.002, 0.98, 0.85, 0.00, 0.04, 0.00, 0.00, 0.00, 0.42, 0.63, 0.12, 1.09, 0.57, 0.01, 0.03, 0.18, 0.41, 0.01, 1.00, 1.00, 0.00, 1.00, 0.00, 0.00, 0.00, 1.00, 0.00, 0.00, 1.00, 1.00, 0.00, 0.00, 0.00, 0.00, 0.00, 0.00
41, 0, 1.335, 0.98, 1, -0.350700, 0.074035, -0.933557, -0.360780, 0.119689, -0.924939, -0.366, 0.104, 882.5, 884.6, 889.6, 894.7, 896.8, 895.2, 889.7, 884.7, 877.6, 879.8, 883.6, 889.2, 895.2, 899.9, 903.3, 899.5, 894.2, 888.8, 884.1, 880.2, 887.8, 890.0, 892.2, 893.1, 892.2, 890.0, 887.7, 886.8, 950.6, 952.8, 958.7, 964.6, 967.3, 965.0, 959.2, 952.8, 945.4, 948.8, 953.7, 960.1, 966.0, 970.6, 973.7, 970.5, 966.1, 960.8, 955.1, 949.6, 956.0, 958.9, 961.6, 962.7, 961.4, 958.6, 955.8, 954.8, 226.5, 221.1, 218.5, 220.3, 225.4, 231.2, 233.4, 231.6, 230.7, 226.7, 223.8, 222.1, 222.9, 225.5, 229.2, 230.9, 231.6, 232.2, 232.4, 232.1, 228.7, 229.5, 228.3, 225.9, 223.7, 222.9, 224.0, 226.4, 225.6, 219.7, 217.3, 219.8, 225.8, 231.8, 234.2, 232.1, 230.2, 226.0, 223.1, 222.0, 223.2, 225.5, 229.0, 230.9, 231.8, 232.3, 232.1, 231.6, 228.8, 230.0, 228.9, 226.1, 223.2, 222.0, 223.2, 226.0, 190.5, 192.3, 196.0, 199.5, 200.8, 199.4, 195.3, 191.8, 187.9, 188.9, 191.1, 194.8, 199.4, 203.2, 206.1, 202.7, 198.4, 194.4, 191.3, 189.1, 194.4, 196.0, 197.6, 198.4, 197.8, 196.3, 194.6, 193.8, 222.8, 224.9, 229.5, 234.0, 235.6, 233.5, 228.9, 224.2, 219.2, 221.4, 224.8, 229.4, 234.2, 238.5, 241.7, 238.3, 234.1, 229.7, 225.5, 221.9, 227.1, 229.2, 231.4, 232.4, 231.6, 229.5, 227.3, 226.3, -104.9, -109.2, -111.1, -109.5, -105.2, -100.6, -99.0, -100.7, -102.3, -105.0, -106.8, -107.8, -107.1, -105.2, -102.3, -100.9, -100.2, -99.8, -100.0, -100.7, -103.0, -102.3, -103.1, -105.0, -106.9, -107.6, -106.8, -104.9, -96.4, -100.9, -102.8, -101.0, -96.6, -92.1, -90.2, -91.7, -93.2, -96.1, -98.1, -98.9, -98.3, -97.0, -94.9, -93.1, -92.0, -91.4, -91.5, -92.0, -94.3, -93.4, -94.3, -96.5, -98.6, -99.4, -98.5, -96.4, 687.3, 687.8, 687.0, 685.5, 684.0, 683.6, 684.3, 685.9, 691.9, 689.2, 686.3, 684.2, 683.7, 684.1, 684.8, 683.7, 683.0, 683.7, 685.7, 688.7, 686.5, 685.8, 685.5, 685.7, 686.3, 687.0, 687.4, 687.1, 627.8, 629.1, 630.3, 630.6, 629.9, 628.6, 627.4, 627.2, 628.1, 627.4, 626.9, 627.1, 628.7, 631.3, 633.8, 630.9, 628.1, 626.4, 626.1, 627.0, 628.8, 629.0, 629.5, 630.1, 630.5, 630.3, 629.8, 629.1, 267.5, -84.7, 822.0, 0.010, 0.365, -0.006, 0.82, 0.48, 0.00, 0.00, 0.00, 0.00, 0.00, 0.63, 0.73, 0.00, 0.84, 0.67, 0.04, 0.00, 0.54, 1.24, 0.03, 1.00, 0.00, 0.00, 1.00, 0.00, 0.00, 0.00, 1.00, 1.00, 0.00, 1.00, 1.00, 0.00, 0.00, 0.00, 1.00, 0.00, 0.00
